leak_area_number,ID,0,3600,7200,10800,14400,18000,21600,25200,28800,32400,36000,39600,43200,46800,50400,54000,57600,61200,64800,68400,72000,75600,79200,82800,86400
0,J-140,0.181419,0.181477,0.180828,0.200832,0.215137,0.243896,0.232536,0.0441589,0.202278,0.234837,0.262318,0.28426,0.303349,0.318081,0.334568,0.351326,-1.57194,-0.442722,-0.195656,-0.158131,-0.132195,-0.11224,-0.15004,-0.170303,0.158974
0,J-145,0.218609,0.218025,0.226654,0.247509,0.262608,0.303856,0.27253,0.0660934,0.244514,0.280937,0.311325,0.335281,0.355804,0.371269,0.389126,0.407516,-1.66021,-0.444908,-0.181023,-0.137932,-0.109055,-0.0881424,-0.139709,-0.174179,0.184242
0,J-18,0.070755,0.0904541,0.112247,0.135014,0.154163,0.222576,0.27034,0.0513763,0.225212,0.259239,0.287987,0.310772,0.330463,0.345417,0.362534,0.380093,-1.59253,-0.431934,-0.178444,-0.13813,-0.110878,-0.0906372,-0.13623,-0.161026,0.17012
0,J-196,0.143112,0.182831,0.211296,0.238281,0.264717,0.323368,0.340912,0.153915,0.343796,0.381546,0.410198,0.430538,0.446812,0.456745,0.471104,0.487122,-1.44731,-0.28334,-0.0256348,0.0246201,0.0540237,0.0697327,-0.0255737,-0.08358,0.219818
0,J-233,0.0548134,0.0756073,0.0983315,0.120811,0.139866,0.210438,0.262962,0.0514984,0.219715,0.252655,0.280373,0.302288,0.321186,0.335499,0.351944,0.368824,-1.56715,-0.417728,-0.170227,-0.131149,-0.104805,-0.0852623,-0.129875,-0.154411,0.166283
0,J-25,0.284882,0.351273,0.396614,0.439629,0.482117,0.55172,0.58934,0.285271,0.581749,0.640045,0.68531,0.717506,0.743088,0.758209,0.780716,0.806244,-1.69563,-0.306129,0.0353851,0.116623,0.162827,0.183434,0.0212173,-0.0673294,0.374695
0,J-34,0.252003,0.249222,0.261002,0.283539,0.299591,0.351212,0.313103,0.0754242,0.272072,0.312172,0.345825,0.372467,0.39534,0.412636,0.432549,0.453049,-1.74126,-0.471718,-0.193596,-0.146255,-0.114426,-0.0914612,-0.14682,-0.179787,0.20533
0,J-45,0.0657997,0.111004,0.154125,0.192249,0.223179,0.317619,0.394554,0.128807,0.355827,0.399406,0.434692,0.46125,0.483368,0.498482,0.517784,0.538544,-1.63684,-0.392654,-0.10479,-0.0483322,-0.0134583,0.00731659,-0.0866623,-0.131042,0.250183
0,J-555,0.256229,0.252586,0.270325,0.289581,0.303329,0.357632,0.315605,0.0973053,0.270779,0.306068,0.334305,0.355679,0.373482,0.385983,0.401573,0.418091,-1.57487,-0.35812,-0.106194,-0.0633888,-0.035862,-0.017437,-0.0731239,-0.0959167,0.192741
0,J-57,0.139385,0.150436,0.159416,0.182728,0.201099,0.252319,0.284554,0.0398788,0.228714,0.26638,0.299034,0.325577,0.348892,0.367249,0.387428,0.407806,-1.71712,-0.51223,-0.239922,-0.196991,-0.166687,-0.14267,-0.181564,-0.200348,0.181824
0,J-579,0.127213,0.136272,0.141987,0.163334,0.180004,0.224014,0.255127,0.0328217,0.204506,0.239052,0.26899,0.293396,0.314888,0.331917,0.350483,0.369152,-1.65454,-0.491043,-0.230766,-0.191841,-0.16407,-0.141556,-0.173973,-0.189178,0.166603
0,J-59j,0.0572739,0.0967865,0.134727,0.168365,0.195766,0.279449,0.347855,0.115196,0.318382,0.357773,0.389427,0.413155,0.432884,0.446365,0.463608,0.482117,-1.56493,-0.371391,-0.0994492,-0.0486069,-0.0171661,0.00184631,-0.081543,-0.124031,0.223358
0,J-59l,0.0719681,0.120846,0.167267,0.208229,0.241386,0.342003,0.425056,0.139175,0.380867,0.427132,0.464752,0.493103,0.516731,0.532883,0.553513,0.575706,-1.68375,-0.406433,-0.107475,-0.0474243,-0.0103607,0.0115356,-0.0893021,-0.134422,0.268044
0,J-642,0.163406,0.163433,0.167908,0.186062,0.199051,0.23613,0.222469,0.0367966,0.18158,0.211273,0.236607,0.256927,0.274628,0.288376,0.30368,0.31916,-1.52738,-0.414555,-0.181713,-0.147816,-0.124001,-0.105068,-0.135826,-0.151619,0.151432
0,J-73,0.040699,0.0760155,0.109005,0.138309,0.162601,0.230839,0.300903,0.100433,0.279568,0.314484,0.342331,0.363132,0.380409,0.392208,0.407314,0.423496,-1.48644,-0.343079,-0.0928993,-0.0479698,-0.0200996,-0.0029068,-0.0753975,-0.115028,0.195534
0,J-859,0.263229,0.266518,0.274227,0.299339,0.318115,0.364281,0.36573,0.131813,0.321335,0.358337,0.389656,0.414566,0.436249,0.452789,0.471703,0.491043,-1.62141,-0.417511,-0.143166,-0.0981369,-0.067215,-0.0434418,-0.0916214,-0.11245,0.264702
0,J-918,0.160107,0.203243,0.233562,0.262428,0.291054,0.34713,0.363983,0.165611,0.368248,0.408958,0.43961,0.461143,0.478199,0.488262,0.503292,0.520256,-1.46926,-0.284336,-0.0159683,0.0385361,0.0699081,0.0855942,-0.0220108,-0.083313,0.234818
0,J-927,0.178947,0.226906,0.260841,0.293175,0.325287,0.374653,0.405022,0.186493,0.413361,0.458649,0.492805,0.516747,0.535637,0.546608,0.563217,0.582108,-1.52012,-0.291687,-0.0054245,0.055687,0.0905304,0.107063,-0.0177155,-0.0902786,0.256195
0,J-928,0.141941,0.18343,0.213867,0.242859,0.27153,0.316849,0.356926,0.16626,0.366478,0.406528,0.436653,0.457809,0.474564,0.484447,0.499218,0.515884,-1.45784,-0.278912,-0.0130005,0.0408401,0.0718575,0.0874176,-0.0191498,-0.0848465,0.227615
0,J-929,0.176018,0.22176,0.253796,0.284367,0.314781,0.373013,0.394356,0.184639,0.39798,0.44072,0.472885,0.495438,0.513245,0.523643,0.539345,0.557144,-1.48627,-0.280418,-0.00291443,0.0547485,0.0877914,0.103966,-0.0109406,-0.0756683,0.255547
1,J-230,0.557434,0.595428,0.646202,0.713051,0.800453,1.44073,1.83546,1.70699,2.15788,2.25282,2.30798,2.33271,2.34348,2.33118,2.34201,2.36408,-0.365883,1.20335,1.64678,1.80833,1.88077,1.88311,1.38544,1.07593,1.46093
1,J-335,0.0346527,0.0707245,0.107719,0.146774,0.188675,0.508324,0.649261,0.427765,0.755943,0.827217,0.87693,0.908707,0.931732,0.940941,0.961288,0.986748,-1.54066,-0.12355,0.237228,0.33577,0.386673,0.401299,0.150528,-0.00656128,0.413269
1,J-336,0.23127,0.278122,0.326279,0.37693,0.430779,0.880135,1.11282,0.875771,1.1911,1.25323,1.29627,1.32333,1.34296,1.3503,1.36841,1.39103,-1.15276,0.283539,0.646362,0.740318,0.790833,0.811729,0.591911,0.454147,0.869675
1,J-342,0.0317307,0.0671082,0.103279,0.141319,0.181961,0.494339,0.632156,0.413475,0.734444,0.804108,0.85276,0.883957,0.906639,0.915901,0.935944,0.96093,-1.53655,-0.132416,0.223175,0.319221,0.369003,0.383751,0.140915,-0.0113831,0.403069
1,J-460,1.44677,1.48253,1.54924,1.65325,1.80463,2.95057,3.79175,3.87771,4.39,4.48825,4.52751,4.52586,4.50713,4.45827,4.44596,4.4512,1.90434,3.50368,3.99694,4.21018,4.29642,4.28857,3.55347,3.07919,3.3011
1,J-461,1.63182,1.68043,1.75922,1.87447,2.0358,3.31714,4.2588,4.32816,4.79617,4.87635,4.90343,4.89433,4.87094,4.82116,4.80573,4.8061,2.32095,3.90531,4.38301,4.57867,4.6599,4.66235,4.00714,3.57912,3.78419
1,J-470,0.209473,0.252293,0.296703,0.343742,0.394157,0.822311,1.05287,0.839874,1.13239,1.19008,1.22943,1.25375,1.27116,1.27715,1.29337,1.31381,-1.11266,0.276749,0.623001,0.711189,0.758469,0.778404,0.572151,0.44252,0.831375
1,J-484,0.0256386,0.0586052,0.0921555,0.127213,0.164425,0.455482,0.584854,0.380051,0.679672,0.745026,0.790657,0.820038,0.841537,0.850609,0.869621,0.893127,-1.51527,-0.14872,0.191933,0.281288,0.327927,0.342697,0.119911,-0.0204849,0.375977
1,J-485,0.390739,0.443558,0.498978,0.55854,0.623291,1.17162,1.47679,1.2403,1.56149,1.62122,1.66142,1.68551,1.70235,1.70685,1.72303,1.74394,-0.83519,0.628288,1.0007,1.09787,1.15018,1.17361,0.947151,0.80349,1.21431
1,J-507,3.22916,3.31802,3.44111,3.60477,3.81835,5.53806,6.72055,6.69525,7.24254,7.32813,7.35842,7.34904,7.32407,7.26957,7.2541,6.32841,4.30103,6.12655,6.67225,6.90257,7.00213,7.01102,6.29317,5.85449,6.13635
1,J-601,0.349266,0.385246,0.429703,0.485001,0.554306,1.07636,1.38784,1.24248,1.63409,1.7177,1.76807,1.79276,1.8056,1.79906,1.81139,1.83277,-0.738968,0.742622,1.14835,1.28659,1.35011,1.3548,0.948013,0.699883,1.07865
1,J-9,0.319695,0.355461,0.399834,0.455315,0.525124,1.03473,1.32836,1.17162,1.58849,1.67899,1.73444,1.76253,1.77775,1.77216,1.78636,1.8102,-0.854637,0.663696,1.08364,1.22993,1.29685,1.29988,0.865334,0.601265,1.00015
2,J-100,0.0371704,0.0471535,0.0715942,0.084713,0.098793,0.113857,0.143848,0.1129,0.0971947,0.11692,0.132801,0.147869,0.162743,0.177559,0.192116,0.206341,-0.150711,-0.152931,-0.159157,-0.145203,-0.12994,-0.112099,-0.0874481,-0.0595894,-0.0293655
2,J-133,0.041729,0.0517082,0.0743141,0.0862617,0.0999107,0.115509,0.144184,0.113419,0.100029,0.12067,0.137196,0.15271,0.167892,0.182919,0.197628,0.212059,-0.173172,-0.16444,-0.164051,-0.149406,-0.133625,-0.115391,-0.0908966,-0.0639305,-0.0315666
2,J-216,0.10857,0.123695,0.140152,0.150921,0.165031,0.18251,0.209694,0.177856,0.165257,0.189594,0.208851,0.226608,0.243683,0.260361,0.276482,0.292385,-0.143566,-0.144573,-0.137684,-0.12056,-0.102146,-0.0811462,-0.0526657,-0.0243835,0.0172882
2,J-240,0.0410576,0.0510635,0.0757408,0.0889854,0.103233,0.118526,0.149029,0.117767,0.101936,0.121902,0.13797,0.153206,0.16824,0.18322,0.197945,0.212341,-0.147854,-0.151859,-0.157974,-0.143745,-0.128216,-0.110077,-0.0850525,-0.0567017,-0.0261688
2,J-242,0.152832,0.171547,0.196579,0.211578,0.231026,0.255287,0.293022,0.249252,0.231819,0.26593,0.292686,0.317322,0.341019,0.364174,0.386681,0.408989,-0.127007,-0.186844,-0.173904,-0.149971,-0.124535,-0.0958328,-0.0584946,-0.0209351,0.0336151
2,J-67,0.165955,0.184654,0.210503,0.225815,0.245728,0.270599,0.309624,0.265068,0.247375,0.282288,0.309601,0.334694,0.35881,0.38237,0.405296,0.428032,-0.116341,-0.18071,-0.167061,-0.142372,-0.116257,-0.0869141,-0.0492096,-0.0109558,0.044632
2,J-69,0.155457,0.174347,0.200157,0.215477,0.235321,0.260071,0.298416,0.254005,0.236359,0.271179,0.298477,0.323601,0.347771,0.371384,0.394348,0.417114,-0.126114,-0.19001,-0.176628,-0.152191,-0.126274,-0.0970535,-0.059227,-0.0211334,0.0343857
2,J-76,0.0391846,0.0510826,0.0708809,0.0823441,0.0959358,0.111744,0.139217,0.109291,0.0963974,0.117748,0.134777,0.150654,0.16608,0.181255,0.196072,0.210648,-0.181568,-0.172657,-0.171181,-0.15612,-0.140003,-0.121597,-0.0975113,-0.071579,-0.0371628
3,J-23,0.208633,0.231808,0.254902,0.277607,0.299068,0.334778,0.433273,0.253342,0.481331,0.530983,0.566216,0.589607,0.6073,0.616066,0.631729,0.650314,-1.45806,-0.218582,0.0732803,0.139519,0.175529,0.190269,0.0396652,-0.0457916,0.293976
3,J-249,0.458973,0.491936,0.533566,0.585468,0.650352,1.16414,1.54632,1.44242,1.74891,1.80804,1.84029,1.8528,1.8569,1.8465,1.85204,1.86462,-0.393227,0.971832,1.32767,1.43861,1.49081,1.50198,1.18822,0.993416,1.29704
3,J-307,0.602982,0.629738,0.657463,0.687798,0.71904,0.551384,0.720039,0.478462,0.79496,0.864861,0.913193,0.942909,0.963486,0.969765,0.98806,1.01193,-1.45233,-0.0549164,0.304718,0.407684,0.458893,0.470505,0.21167,0.0866699,0.503242
3,J-322,0.331059,0.354137,0.377296,0.399948,0.420563,0.312046,0.408997,0.258041,0.485741,0.53492,0.569023,0.590981,0.607132,0.614182,0.62851,0.646011,-1.40797,-0.187057,0.100273,0.167191,0.202652,0.215599,0.0531082,-0.0527954,0.271706
3,J-372,0.698406,0.730492,0.763535,0.799217,0.835655,0.725304,0.944687,0.708679,1.00449,1.06636,1.1086,1.13392,1.15114,1.15544,1.17129,1.19217,-1.20907,0.170845,0.520531,0.616035,0.664749,0.679932,0.448372,0.339828,0.737183
3,J-397,0.0898895,0.111275,0.132877,0.154423,0.175568,0.324722,0.417061,0.228714,0.455734,0.504494,0.540131,0.564651,0.583778,0.594482,0.611366,0.630775,-1.51321,-0.262871,0.0289307,0.0926132,0.128403,0.14505,0.00947571,-0.0758438,0.273705
3,J-399,0.225342,0.249718,0.27393,0.297718,0.320164,0.356827,0.458435,0.265686,0.505005,0.557213,0.594391,0.619118,0.637833,0.647133,0.663681,0.683327,-1.48451,-0.220627,0.0787125,0.148407,0.186241,0.201439,0.0432053,-0.0458069,0.309013
3,J-488,0.0779877,0.103283,0.128475,0.153416,0.177883,0.361549,0.463844,0.267296,0.508316,0.560013,0.59758,0.623222,0.643059,0.653831,0.671379,0.691734,-1.51655,-0.238632,0.0631332,0.131401,0.169418,0.186432,0.0379791,-0.0549316,0.308113
3,J-517,0.0827827,0.107071,0.131439,0.155666,0.179558,0.363541,0.471329,0.287804,0.514206,0.562492,0.597389,0.621086,0.639427,0.64933,0.665642,0.684547,-1.45914,-0.205956,0.0871277,0.151482,0.187523,0.204475,0.0667877,-0.0198593,0.326904
3,J-758,0.216076,0.240101,0.263901,0.287102,0.308769,0.340355,0.436249,0.242943,0.480721,0.532715,0.569901,0.594795,0.613724,0.623337,0.640022,0.659752,-1.50322,-0.242561,0.0553513,0.124161,0.161636,0.176788,0.0212555,-0.0662613,0.288712
3,J-80,0.338287,0.369545,0.400604,0.43129,0.460403,0.520012,0.653229,0.399803,0.693123,0.754974,0.80014,0.830376,0.853241,0.86454,0.884834,0.908997,-1.55072,-0.166649,0.176834,0.263481,0.310318,0.327995,0.134651,0.0284576,0.449524
3,J-841,0.184349,0.210884,0.239731,0.27124,0.306019,0.548347,0.731079,0.581589,0.828529,0.879929,0.913651,0.933586,0.947205,0.950562,0.963226,0.979874,-1.16558,0.108017,0.416138,0.493912,0.534134,0.548393,0.355759,0.234428,0.559685
3,J-855,0.368114,0.393051,0.418396,0.443871,0.468052,0.388859,0.517792,0.373093,0.598732,0.646133,0.678246,0.698227,0.712563,0.717865,0.730843,0.747101,-1.29874,-0.0747681,0.21405,0.28196,0.317795,0.331329,0.166573,0.0595856,0.377052
3,J-905,0.248276,0.28001,0.314301,0.351688,0.39278,0.672577,0.875114,0.694313,0.979561,1.03866,1.07793,1.10134,1.11742,1.12154,1.13637,1.15586,-1.16978,0.17878,0.514641,0.604355,0.650551,0.665695,0.441612,0.302826,0.667679
4,J-126,0.226051,0.274422,0.243164,0.232864,0.229416,0.228508,0.184784,0.0802917,0.194023,0.238358,0.273285,0.30201,0.326912,0.348442,0.366035,0.383568,-1.4517,-0.411636,-0.290413,-0.25988,-0.237198,-0.215805,-0.214394,-0.176407,0.107552
4,J-177,0.180634,0.216011,0.193066,0.185505,0.18261,0.182236,0.147156,0.0593262,0.158997,0.193207,0.220268,0.242455,0.261677,0.278183,0.291771,0.305332,-1.34674,-0.338531,-0.236206,-0.21204,-0.193981,-0.176918,-0.17601,-0.140076,0.0842476
4,J-178,0.219864,0.267128,0.237343,0.227554,0.224152,0.223145,0.18277,0.0774689,0.187286,0.231071,0.265503,0.293831,0.318405,0.339691,0.357056,0.374321,-1.45643,-0.408386,-0.287842,-0.257446,-0.235062,-0.214066,-0.212608,-0.172676,0.105072
4,J-206,0.501099,0.471966,0.465221,0.481434,0.505306,0.543373,0.628994,0.627522,0.746933,0.774948,0.789516,0.794399,0.795471,0.790024,0.79163,0.796925,-0.901764,0.32188,0.436581,0.4991,0.534489,0.543011,0.408714,0.354431,0.507629
4,J-210,0.166885,0.198345,0.177925,0.170929,0.168205,0.167931,0.135464,0.0534592,0.148224,0.179256,0.203793,0.223846,0.241188,0.256012,0.268242,0.280464,-1.30297,-0.311409,-0.216579,-0.194462,-0.177711,-0.162033,-0.161499,-0.127529,0.0771866
4,J-259,0.0227051,0.0434532,0.045063,0.0526123,0.0637741,0.0791893,0.104263,0.0755768,0.069191,0.0908546,0.107994,0.123516,0.138176,0.152176,0.165695,0.179176,-0.246746,-0.198288,-0.187046,-0.172611,-0.157585,-0.140514,-0.119129,-0.0965347,-0.0640602
4,J-659,0.0559349,0.0775032,0.0632858,0.0665169,0.0742798,0.0859375,0.107841,0.0646591,0.0900421,0.111027,0.128788,0.14476,0.159706,0.173656,0.186935,0.200291,-0.72316,-0.234898,-0.217403,-0.19994,-0.182518,-0.164932,-0.146503,-0.116814,-0.0289612
4,J-665,0.0544167,0.0742683,0.0565681,0.061779,0.0697327,0.0801811,0.104805,0.0482025,0.0874214,0.106842,0.124298,0.140209,0.155273,0.169315,0.182682,0.196045,-1.03778,-0.255871,-0.231335,-0.21526,-0.200108,-0.182747,-0.159672,-0.134434,-0.0100517
4,J-669,0.0574799,0.0783386,0.0645561,0.0676918,0.0752563,0.086647,0.108318,0.0660744,0.0907669,0.111183,0.128433,0.143929,0.158424,0.171947,0.184814,0.197762,-0.717106,-0.2262,-0.209232,-0.192158,-0.175129,-0.157951,-0.139961,-0.110859,-0.025116
4,J-692,0.0612259,0.0827026,0.0634422,0.0691032,0.0777168,0.0890083,0.11557,0.0541687,0.0967216,0.117676,0.136551,0.153774,0.170094,0.185326,0.199833,0.214355,-1.05095,-0.274063,-0.24712,-0.229694,-0.213295,-0.194481,-0.169468,-0.142174,-0.00815582
4,J-713,0.306122,0.379402,0.331635,0.318581,0.315369,0.313293,0.264954,0.12397,0.256546,0.316277,0.36763,0.409744,0.446053,0.477837,0.503426,0.528801,-1.64529,-0.545357,-0.389641,-0.346252,-0.313454,-0.283249,-0.281502,-0.249924,0.15062
4,J-731,0.302444,0.372147,0.327019,0.314491,0.311501,0.309952,0.262459,0.124985,0.254982,0.313988,0.362923,0.403107,0.437843,0.468246,0.492836,0.51722,-1.61593,-0.522766,-0.371208,-0.329269,-0.297661,-0.268509,-0.266708,-0.232689,0.152802
5,J-185,0.44902,0.424889,0.415226,0.431057,0.454479,0.491543,0.571854,0.567032,0.688103,0.717781,0.734264,0.741158,0.744175,0.740658,0.743839,0.750599,-0.963821,0.25597,0.37027,0.431198,0.465992,0.474564,0.343746,0.28936,0.451027
5,J-192,0.456078,0.431442,0.421978,0.437878,0.461456,0.498802,0.57988,0.575325,0.697086,0.726822,0.743271,0.750053,0.752941,0.749245,0.752316,0.75901,-0.956276,0.263985,0.378845,0.440254,0.475254,0.483803,0.351662,0.296757,0.458424
5,J-197,0.471466,0.444374,0.436607,0.452496,0.475906,0.513134,0.596004,0.593277,0.711609,0.739723,0.754658,0.760078,0.76173,0.75695,0.759007,0.764668,-0.931511,0.29039,0.403355,0.464485,0.499195,0.507637,0.376385,0.322777,0.476582
5,J-235,0.0436859,0.0614853,0.0486832,0.0542564,0.0625458,0.0739937,0.0960083,0.046627,0.0769882,0.0949821,0.111137,0.125957,0.140064,0.153305,0.165974,0.178623,-0.949848,-0.235935,-0.216743,-0.202312,-0.185986,-0.169449,-0.149567,-0.126022,-0.0194664
5,J-37,0.0577202,0.0792389,0.0634842,0.0702972,0.0804291,0.0944672,0.121834,0.0615463,0.0990105,0.120831,0.140434,0.158428,0.175556,0.191639,0.207104,0.222603,-0.977924,-0.279026,-0.254292,-0.23632,-0.216431,-0.196434,-0.173416,-0.145386,-0.0176506
5,J-378,0.049572,0.0679855,0.0450821,0.0560341,0.0661278,0.0777626,0.103451,0.0222473,0.0839767,0.103287,0.121796,0.138794,0.155048,0.170048,0.184315,0.198341,-1.60055,-0.320972,-0.269672,-0.254719,-0.236832,-0.218288,-0.193928,-0.17057,0.0271454
5,J-4,0.0532036,0.0727196,0.0547066,0.0605583,0.0688782,0.0803108,0.104366,0.0452766,0.0864449,0.105885,0.12355,0.139706,0.155037,0.169334,0.182957,0.196548,-1.10495,-0.266197,-0.239773,-0.225208,-0.207138,-0.189209,-0.167107,-0.140575,-0.0083046
5,J-429,0.0542259,0.0734978,0.0507393,0.0597038,0.0686302,0.0796432,0.104118,0.0302849,0.0873642,0.106968,0.125443,0.142365,0.158482,0.173401,0.187542,0.201534,-1.44083,-0.306164,-0.264091,-0.249645,-0.2313,-0.212715,-0.188591,-0.163479,0.0169487
5,J-430,0.0547371,0.0741005,0.0511856,0.0599442,0.0688133,0.0798187,0.104401,0.0310555,0.0876312,0.107273,0.125748,0.142666,0.158764,0.173672,0.187805,0.20179,-1.42501,-0.304302,-0.263046,-0.248646,-0.230259,-0.211678,-0.187569,-0.162186,0.0158119
5,J-445,0.0937805,0.12278,0.0819092,0.0839119,0.0916748,0.103493,0.132332,0.056675,0.11462,0.13768,0.15905,0.178375,0.196327,0.212662,0.2276,0.242546,-1.32425,-0.302883,-0.263031,-0.24572,-0.22493,-0.204708,-0.182079,-0.153362,0.0241928
5,J-5,0.0581131,0.0776062,0.0522003,0.068119,0.0796776,0.0897751,0.104511,0.00557327,0.0860596,0.106747,0.126495,0.144287,0.161427,0.176971,0.191395,0.205383,-1.4813,-0.399433,-0.280186,-0.261135,-0.24213,-0.222885,-0.202156,-0.183281,0.0545311
5,J-537,0.395531,0.376308,0.368179,0.383194,0.403538,0.43491,0.504631,0.485058,0.590729,0.616158,0.631081,0.638248,0.642357,0.641212,0.645287,0.652126,-1.04109,0.172703,0.276394,0.327972,0.359158,0.369793,0.272003,0.235428,0.396931
5,J-68,0.0501404,0.0694695,0.0553627,0.0614738,0.0705643,0.0831833,0.107689,0.0534782,0.0869637,0.106613,0.124245,0.140408,0.155792,0.170219,0.184071,0.197929,-0.961151,-0.253487,-0.231895,-0.215889,-0.198006,-0.180008,-0.158985,-0.133617,-0.0182419
5,J-783,0.527504,0.528439,0.526466,0.528545,0.531384,0.538612,0.564453,0.470173,0.54565,0.564953,0.578796,0.588982,0.597633,0.604549,0.610622,0.616848,-0.987198,0.070816,0.179237,0.208958,0.230247,0.249516,0.250481,0.305367,0.487732
5,J-837,0.0773392,0.102554,0.0682487,0.0713387,0.0787926,0.0898247,0.117973,0.0463753,0.0988503,0.119629,0.13892,0.15641,0.172737,0.187641,0.201366,0.215061,-1.31577,-0.283272,-0.246933,-0.231564,-0.212704,-0.194187,-0.172523,-0.144184,0.0169525
5,J-941,0.426636,0.403191,0.395069,0.410393,0.432281,0.466705,0.542824,0.534512,0.646381,0.673241,0.688053,0.694107,0.696686,0.693344,0.696152,0.702198,-0.985256,0.232964,0.340893,0.397728,0.430637,0.439629,0.32222,0.275578,0.429871
6,J-123,0.140213,0.150005,0.147438,0.183907,0.20739,0.222496,0.261284,0.0114136,0.140625,0.173912,0.203186,0.22818,0.250065,0.269386,0.288921,0.307644,-2.90329,-0.495171,-0.265114,-0.239433,-0.215355,-0.189339,-0.163116,-0.133392,0.156342
6,J-380,0.221436,0.217152,0.18293,0.218655,0.239162,0.237537,0.25959,0.0320396,0.167084,0.199074,0.226078,0.248165,0.266945,0.282463,0.299278,0.315929,-2.16966,-0.463619,-0.224255,-0.192116,-0.168056,-0.147137,-0.13324,-0.105202,0.149376
6,J-482,0.229687,0.221413,0.188545,0.221264,0.239769,0.234112,0.242382,0.037529,0.164898,0.194965,0.219913,0.239983,0.256866,0.270512,0.285645,0.300777,-2.09755,-0.427044,-0.198761,-0.166325,-0.143566,-0.125431,-0.120323,-0.0949097,0.142612
6,J-49,0.209206,0.210213,0.205776,0.241631,0.263695,0.269806,0.291939,0.0304337,0.171196,0.206398,0.236389,0.261314,0.282742,0.300945,0.320087,0.338814,-2.67781,-0.474304,-0.234047,-0.203629,-0.178047,-0.15332,-0.136337,-0.108986,0.16465
6,J-699,0.133919,0.142727,0.138676,0.173038,0.19516,0.209576,0.248444,0.0165024,0.137398,0.168228,0.195251,0.218277,0.238426,0.256203,0.274193,0.291424,-2.82338,-0.463741,-0.243,-0.218693,-0.196201,-0.171886,-0.147289,-0.118988,0.152458
6,J-703,2.20149,2.02235,2.00282,2.07864,2.18343,2.34849,2.75911,2.87471,3.27678,3.3633,3.39008,3.37632,3.34527,3.28616,3.26421,3.25984,0.676506,2.6376,3.08449,3.30795,3.39233,3.36269,2.64828,2.29292,2.33812
6,J-717,0.230762,0.225712,0.184303,0.22105,0.241894,0.236805,0.254051,0.0336456,0.172882,0.205864,0.233696,0.256451,0.275814,0.291775,0.30912,0.326328,-2.18509,-0.489025,-0.241711,-0.205933,-0.180862,-0.160946,-0.152939,-0.122467,0.154312
6,J-723,0.356018,0.339233,0.30262,0.341263,0.362251,0.346306,0.311752,0.0647354,0.234535,0.274826,0.307739,0.333809,0.355522,0.372505,0.391968,0.411797,-2.24937,-0.492577,-0.22065,-0.175613,-0.145706,-0.12439,-0.144814,-0.122345,0.188416
6,J-724,0.234467,0.23114,0.193581,0.23172,0.253529,0.250343,0.2733,0.0342026,0.181282,0.215775,0.245216,0.269516,0.290306,0.30764,0.326256,0.344635,-2.23339,-0.512398,-0.254784,-0.217491,-0.191116,-0.169548,-0.164307,-0.12677,0.162766
6,J-742,0.270546,0.26593,0.223228,0.264938,0.288605,0.283112,0.299484,0.0390625,0.202271,0.241119,0.274223,0.301498,0.324829,0.3442,0.365097,0.385803,-2.34355,-0.552887,-0.280968,-0.239799,-0.21048,-0.186661,-0.181099,-0.144882,0.180023
6,J-771,0.0831261,0.0953941,0.0894852,0.120781,0.141109,0.156891,0.198254,-0.00684738,0.0986023,0.125751,0.149986,0.170975,0.189514,0.206219,0.222702,0.238293,-2.83155,-0.452438,-0.250469,-0.230293,-0.210632,-0.188099,-0.160519,-0.132633,0.12402
6,J-776,0.240967,0.237091,0.196953,0.235641,0.257706,0.253571,0.273567,0.0346069,0.183922,0.219154,0.249161,0.273872,0.295006,0.312572,0.331501,0.350212,-2.25742,-0.520294,-0.260597,-0.222458,-0.195641,-0.173935,-0.166779,-0.132614,0.164108
6,J-780,0.255539,0.252151,0.212784,0.25341,0.27668,0.273376,0.291832,0.036705,0.196602,0.234444,0.266762,0.293465,0.316353,0.335434,0.355927,0.376167,-2.32928,-0.545799,-0.2771,-0.236946,-0.20829,-0.184761,-0.180222,-0.144829,0.174591
6,J-789,0.0750084,0.0915985,0.088604,0.123528,0.146301,0.165081,0.213753,-0.0152473,0.0997467,0.129589,0.156647,0.180344,0.20142,0.220619,0.239342,0.256969,-2.97083,-0.503098,-0.286781,-0.265373,-0.243816,-0.218605,-0.186028,-0.154358,0.133186
6,J-822,0.119995,0.128059,0.124298,0.156055,0.176498,0.189915,0.22644,0.0110703,0.123032,0.15139,0.17622,0.197353,0.215824,0.232124,0.248592,0.264351,-2.76894,-0.435257,-0.227345,-0.20483,-0.184097,-0.161636,-0.138638,-0.112244,0.138527
6,J-824,0.139473,0.148834,0.144398,0.180149,0.203148,0.218189,0.25853,0.0167847,0.142853,0.174992,0.203224,0.227303,0.24839,0.266994,0.285828,0.303879,-2.85386,-0.480225,-0.253387,-0.22818,-0.204773,-0.179482,-0.153961,-0.124687,0.158264
6,J-829,0.0879745,0.102169,0.0978813,0.13213,0.154381,0.171886,0.217396,-0.00882339,0.10603,0.135723,0.16238,0.185547,0.206059,0.224583,0.242828,0.260086,-2.91943,-0.488964,-0.273842,-0.252132,-0.23069,-0.206032,-0.175583,-0.145149,0.134171
6,J-858,0.137493,0.146427,0.143654,0.178757,0.201271,0.215385,0.252846,0.0116119,0.136124,0.16811,0.196117,0.219963,0.240822,0.259197,0.277798,0.295639,-2.85941,-0.476898,-0.25251,-0.227764,-0.204674,-0.179684,-0.154129,-0.125214,0.150032
6,J-879,0.140152,0.149143,0.146557,0.181984,0.20472,0.218964,0.256638,0.0129089,0.138756,0.171074,0.199383,0.223495,0.244583,0.263161,0.281979,0.300026,-2.86667,-0.480232,-0.254211,-0.229218,-0.205879,-0.180611,-0.15477,-0.125534,0.153198
6,J-903,0.0584641,0.0743675,0.0700798,0.103493,0.125057,0.141872,0.186523,-0.0193787,0.085434,0.112724,0.137604,0.159489,0.179008,0.196915,0.214264,0.230511,-2.84913,-0.482082,-0.276081,-0.255756,-0.235722,-0.212559,-0.183262,-0.154102,0.12236
7,J-108,0.162354,0.194881,0.176003,0.170528,0.168499,0.168777,0.149921,0.0531158,0.143234,0.175297,0.201027,0.22234,0.241032,0.257229,0.270664,0.283978,-1.36976,-0.335018,-0.233624,-0.20985,-0.192146,-0.175575,-0.17411,-0.132954,0.0803223
7,J-122,0.242233,0.27417,0.244881,0.256882,0.269875,0.278946,0.237564,0.0960083,0.258263,0.297066,0.328903,0.354744,0.377838,0.396866,0.415451,0.434456,-1.50247,-0.456375,-0.284996,-0.24472,-0.191589,-0.16291,-0.173256,-0.168945,0.16687
7,J-127,0.305763,0.37944,0.331528,0.318222,0.314751,0.312225,0.264702,0.12294,0.255531,0.314987,0.366356,0.408661,0.445137,0.477036,0.502655,0.528053,-1.64703,-0.546852,-0.390968,-0.347511,-0.314667,-0.284431,-0.282692,-0.251564,0.149414
7,J-179,0.215836,0.262978,0.233719,0.22506,0.222519,0.222115,0.187447,0.0769196,0.184998,0.228874,0.263542,0.292213,0.317207,0.338966,0.356827,0.374535,-1.47441,-0.417145,-0.295151,-0.264023,-0.240791,-0.219322,-0.217918,-0.1754,0.105537
7,J-211,0.222557,0.270554,0.240845,0.231552,0.228622,0.228104,0.193245,0.0825424,0.191017,0.235085,0.269951,0.298782,0.323914,0.345764,0.363678,0.381454,-1.47145,-0.414032,-0.291565,-0.260056,-0.236649,-0.215073,-0.214073,-0.172043,0.11071
7,J-238,0.325188,0.39856,0.351013,0.338226,0.335381,0.333824,0.290031,0.146408,0.278229,0.336426,0.387421,0.429298,0.465469,0.497162,0.522766,0.548134,-1.63171,-0.525887,-0.369164,-0.32518,-0.291801,-0.261337,-0.259911,-0.226151,0.172989
7,J-254,2.32561,2.19958,2.15667,2.149,2.1582,2.06339,1.35351,1.36379,1.78397,1.90246,1.97561,2.01344,2.03343,2.02762,2.04107,1.08227,-0.553978,0.762878,1.11275,1.3027,1.40199,1.39673,0.89669,0.666519,1.10596
7,J-391,0.114033,0.125851,0.07687,0.114624,0.135536,0.142056,0.136372,0.00548935,0.11208,0.13718,0.159935,0.179379,0.198029,0.213863,0.229652,0.244907,-1.44858,-0.484406,-0.277599,-0.252399,-0.231163,-0.210396,-0.206749,-0.194046,0.117218
7,J-492,1.92413,1.81609,1.78281,1.77291,1.77847,1.69785,1.03149,1.06713,1.43563,1.54031,1.60388,1.63547,1.65117,1.64429,1.65347,1.67389,-0.654068,0.554199,0.870453,1.03629,1.11828,1.11429,0.67054,0.448021,0.820045
7,J-6,0.149807,0.180168,0.164448,0.161007,0.160213,0.161621,0.153828,0.0490303,0.136898,0.167595,0.192673,0.213631,0.232239,0.24844,0.262154,0.275707,-1.38815,-0.342274,-0.238132,-0.214851,-0.197166,-0.180397,-0.177811,-0.133144,0.0780144
7,J-646,0.522377,0.547745,0.515259,0.496483,0.491867,0.484283,0.318069,0.314583,0.492592,0.546051,0.582283,0.606743,0.624756,0.635448,0.646717,0.660587,-1.11532,-0.110886,0.0354614,0.095314,0.131187,0.144707,0.0348511,-0.0439377,0.269348
7,J-7,0.22731,0.276054,0.245926,0.236465,0.233536,0.233025,0.197617,0.0863113,0.19545,0.240211,0.275558,0.304787,0.330246,0.352394,0.370537,0.38855,-1.47507,-0.416595,-0.293098,-0.261124,-0.237366,-0.215492,-0.214561,-0.172546,0.113869
7,J-739,0.262871,0.295731,0.276424,0.27219,0.272171,0.275093,0.26701,0.157562,0.25584,0.29163,0.319946,0.343067,0.363277,0.380566,0.395264,0.409981,-1.35818,-0.292873,-0.174236,-0.144238,-0.12233,-0.102894,-0.106575,-0.0602798,0.181343
7,J-8,0.231651,0.281158,0.250153,0.240646,0.237778,0.237267,0.201302,0.0893707,0.199158,0.244591,0.280434,0.310051,0.335846,0.358292,0.376678,0.39492,-1.4789,-0.419281,-0.294754,-0.262337,-0.238243,-0.216087,-0.215187,-0.173195,0.116898
8,J-11,1.42679,1.44699,1.48915,1.51415,1.50855,0.705017,1.14951,1.09316,1.40198,1.46529,1.49905,1.51134,1.51424,1.50143,1.50546,1.5174,-0.60318,0.707077,1.04967,1.1635,1.21397,1.21698,0.864899,0.639679,0.903625
8,J-15,0.159908,0.201344,0.229984,0.25692,0.283016,0.353672,0.351822,0.160271,0.353596,0.391975,0.421173,0.441956,0.458611,0.468822,0.483528,0.499901,-1.45775,-0.285126,-0.0236893,0.0274124,0.0573769,0.0734825,-0.022789,-0.0815582,0.227325
8,J-195,0.307133,0.330978,0.355423,0.380928,0.406326,0.487228,0.670242,0.447174,0.740311,0.800491,0.843262,0.871124,0.891769,0.900894,0.919296,0.941765,-1.45305,-0.0903778,0.246132,0.331955,0.377777,0.394348,0.191238,0.0642166,0.463577
8,J-215a,0.350746,0.374756,0.399788,0.424294,0.446198,0.496399,0.7033,0.479874,0.798759,0.865273,0.911804,0.941391,0.962738,0.971001,0.98999,1.01385,-1.46207,-0.0632477,0.289993,0.38562,0.435287,0.45015,0.211296,0.0624008,0.476196
8,J-220,0.336868,0.362137,0.38797,0.4151,0.442184,0.528915,0.720261,0.477608,0.793793,0.858711,0.905121,0.935463,0.95797,0.967987,0.988007,1.01244,-1.49638,-0.087265,0.266586,0.359131,0.40844,0.425621,0.204926,0.0686646,0.493973
8,J-303,1.78583,1.78824,1.8304,1.86518,1.87947,0.849735,1.17714,1.14176,1.44506,1.50556,1.53658,1.54659,1.54757,1.53327,1.5358,1.54619,-0.53196,0.765419,1.10355,1.21435,1.26339,1.26743,0.918121,0.683197,0.926941
8,J-321,0.160934,0.184036,0.206558,0.228981,0.249466,0.342247,0.418388,0.148018,0.394676,0.443985,0.483459,0.513031,0.537537,0.554161,0.575607,0.598785,-1.72835,-0.415184,-0.108757,-0.0465088,-0.00839233,0.0138321,-0.0919724,-0.154228,0.254456
8,J-325,0.6651,0.707466,0.750626,0.794891,0.837997,1.10064,1.37195,1.06059,1.32531,1.36758,1.40072,1.42444,1.444,1.45612,1.47471,1.49506,-1.03419,0.390495,0.733185,0.803818,0.848442,0.880806,0.779701,0.725296,1.15791
8,J-349,1.74105,1.73012,1.76637,1.80364,1.83134,1.00762,1.09943,1.06932,1.40061,1.47157,1.5083,1.52042,1.52161,1.50481,1.50721,1.51897,-0.582649,0.730774,1.08242,1.20921,1.26305,1.25957,0.847542,0.596603,0.851913
8,J-40,0.200264,0.249779,0.283646,0.315517,0.346527,0.422237,0.424721,0.196358,0.420906,0.465111,0.4991,0.523422,0.542938,0.554916,0.572113,0.591324,-1.53586,-0.298157,-0.011528,0.0478897,0.0826187,0.10067,-0.0122147,-0.0791016,0.273201
8,J-62,0.163681,0.205978,0.235264,0.263008,0.290279,0.355278,0.359688,0.165237,0.360374,0.399071,0.428509,0.449394,0.466095,0.476231,0.490974,0.507439,-1.45649,-0.281288,-0.0182343,0.0339088,0.06427,0.0801773,-0.0182953,-0.076683,0.234268
8,J-626,1.85049,1.85181,1.89984,1.95316,2.00303,1.26445,1.76366,1.86298,2.19374,2.25472,2.27549,2.26964,2.25322,2.218,2.20692,2.20713,0.285496,1.5832,1.93877,2.07658,2.13212,2.12961,1.64709,1.31721,1.45543
8,J-661,0.517754,0.524628,0.549046,0.573231,0.5914,0.540543,0.446426,0.223785,0.479065,0.532494,0.571823,0.598747,0.619499,0.630653,0.648849,0.670052,-1.58643,-0.282532,0.02491,0.0963974,0.136101,0.15255,-0.00252533,-0.0983047,0.266647
8,J-672,0.240383,0.261738,0.282898,0.304272,0.324158,0.335136,0.429489,0.216858,0.441292,0.487038,0.521652,0.546196,0.565788,0.577621,0.59491,0.614311,-1.53417,-0.284477,0.0046463,0.0651855,0.100349,0.118515,0.000694275,-0.0722656,0.281448
8,J-673,0.213451,0.233242,0.252895,0.272766,0.291294,0.302185,0.390671,0.196426,0.404343,0.44696,0.479034,0.501709,0.519791,0.530701,0.546677,0.564575,-1.49582,-0.281395,-0.00361633,0.0525742,0.0852432,0.102364,-0.00653076,-0.0743484,0.257256
8,J-701,0.190685,0.209145,0.227604,0.24622,0.263607,0.275108,0.359467,0.182632,0.374786,0.414333,0.443916,0.464764,0.481369,0.491375,0.506073,0.52253,-1.4538,-0.270821,-0.00642014,0.0456161,0.0759277,0.092144,-0.00800323,-0.0707397,0.239761
8,J-721,0.227509,0.248104,0.268585,0.289253,0.308487,0.318665,0.409904,0.204651,0.422539,0.466995,0.500587,0.524376,0.543358,0.554825,0.571587,0.59037,-1.52014,-0.286156,-0.00135803,0.0573654,0.0914688,0.109138,-0.00514221,-0.0760803,0.26841
8,J-827,0.243374,0.270462,0.2948,0.318779,0.340401,0.383415,0.431084,0.164917,0.420563,0.47216,0.512741,0.542549,0.566887,0.582703,0.603996,0.627388,-1.71732,-0.395287,-0.083519,-0.0173264,0.0221558,0.0433502,-0.0786514,-0.149666,0.263451
9,J-159,0.229763,0.22863,0.229115,0.251747,0.2682,0.303085,0.287109,0.0747833,0.255859,0.29306,0.324135,0.348663,0.36982,0.385796,0.404129,0.422981,-1.64269,-0.45443,-0.185974,-0.142014,-0.11235,-0.0906525,-0.141022,-0.167595,0.196548
9,J-165,0.196777,0.195801,0.196785,0.21682,0.231499,0.263073,0.251266,0.0671463,0.225899,0.258389,0.285366,0.306576,0.324841,0.3386,0.354431,0.370689,-1.54272,-0.410042,-0.163898,-0.12529,-0.0992355,-0.0799713,-0.123524,-0.146935,0.175308
9,J-168,0.177238,0.176296,0.177578,0.196018,0.209682,0.239513,0.231644,0.0679092,0.211071,0.240372,0.264507,0.283371,0.29958,0.311726,0.325794,0.340237,-1.46923,-0.372345,-0.1432,-0.108093,-0.0844154,-0.0668068,-0.106258,-0.127678,0.165318
9,J-212,0.0412064,0.0585823,0.0176849,0.0477219,0.0685539,0.0809746,0.102814,-0.0213547,0.0670662,0.0880203,0.107616,0.12479,0.141869,0.157188,0.170753,0.183411,-1.39293,-0.460304,-0.272823,-0.254883,-0.23735,-0.217861,-0.196861,-0.180626,0.091362
9,J-244,0.145557,0.150314,0.140923,0.164555,0.181419,0.210697,0.235886,0.0178528,0.184456,0.218826,0.24913,0.274284,0.296768,0.315056,0.334381,0.353531,-1.67831,-0.530342,-0.268219,-0.23101,-0.203316,-0.179405,-0.201408,-0.208763,0.160423
9,J-248,0.146404,0.150864,0.127068,0.155228,0.173866,0.194183,0.216644,0.00511169,0.164658,0.198509,0.228806,0.254356,0.277481,0.296745,0.316528,0.335892,-1.68676,-0.560669,-0.29882,-0.263741,-0.23645,-0.211403,-0.222885,-0.222748,0.154083
9,J-291,0.2355,0.231926,0.168125,0.210411,0.233906,0.222424,0.24662,0.0395241,0.180695,0.213203,0.240837,0.263458,0.28273,0.298553,0.31588,0.333088,-2.015,-0.49234,-0.248894,-0.216454,-0.19117,-0.170582,-0.167286,-0.130081,0.159321
9,J-292,0.228794,0.226116,0.164883,0.20689,0.230316,0.220757,0.244637,0.0363846,0.176697,0.208942,0.236496,0.259155,0.278519,0.294514,0.311905,0.329121,-2.01488,-0.4944,-0.250927,-0.218357,-0.193214,-0.172459,-0.169167,-0.132027,0.156597
9,J-360,0.141998,0.125931,0.123737,0.164024,0.18708,0.20779,0.266754,-0.00772858,0.0978241,0.121197,0.144428,0.165451,0.184761,0.202892,0.220375,0.236549,-1.67246,-0.462284,-0.225636,-0.206528,-0.184559,-0.158009,-0.108269,-0.0778999,0.151356
9,J-417,0.0513535,0.0711327,0.0324631,0.0603676,0.0791168,0.0910263,0.11026,-0.0167427,0.0781898,0.100456,0.121498,0.140125,0.158394,0.174809,0.189632,0.20364,-1.45317,-0.475307,-0.293194,-0.273148,-0.253937,-0.233311,-0.211586,-0.193657,0.087101
9,J-437,0.0284843,0.0555992,-0.00193405,0.0433617,0.0679932,0.0822716,0.111889,-0.0458603,0.0650368,0.086792,0.107815,0.126625,0.143753,0.159676,0.174805,0.188747,-1.28439,-0.508823,-0.287979,-0.26725,-0.248974,-0.228142,-0.20649,-0.188042,0.109108
9,J-478,0.171074,0.172459,0.135715,0.173038,0.194134,0.196068,0.197594,0.012455,0.133961,0.161514,0.185589,0.205715,0.223049,0.237747,0.2533,0.268444,-1.91042,-0.449303,-0.223824,-0.196285,-0.174583,-0.154427,-0.152607,-0.13496,0.130337
9,J-487,0.198692,0.194046,0.164425,0.192589,0.209724,0.216507,0.194466,0.0364952,0.169479,0.198315,0.223221,0.243675,0.261959,0.27673,0.292324,0.307755,-1.48617,-0.45433,-0.218475,-0.186886,-0.163406,-0.143044,-0.161499,-0.167419,0.15065
9,J-520,0.149445,0.151646,0.117653,0.152634,0.172527,0.175472,0.179245,0.00936508,0.120949,0.146301,0.168499,0.187099,0.203133,0.216816,0.231197,0.245144,-1.86434,-0.425827,-0.212944,-0.187759,-0.167706,-0.148777,-0.145607,-0.12891,0.121525
9,J-522,0.176132,0.176643,0.139175,0.171902,0.191822,0.199699,0.18924,0.0102539,0.153519,0.185196,0.213188,0.236683,0.257923,0.275562,0.293602,0.311245,-1.59758,-0.533276,-0.280582,-0.247841,-0.222431,-0.199177,-0.210068,-0.209999,0.146042
9,J-524,0.180927,0.178886,0.143158,0.173824,0.191528,0.196011,0.169716,0.0144768,0.146942,0.176308,0.201809,0.222874,0.241859,0.257271,0.273418,0.28933,-1.50343,-0.483372,-0.249397,-0.2183,-0.194588,-0.173824,-0.189011,-0.194145,0.134125
9,J-525,0.249054,0.238392,0.203857,0.233589,0.250355,0.249493,0.190628,0.0472832,0.185169,0.21574,0.241211,0.26144,0.27924,0.292927,0.308109,0.323475,-1.45872,-0.435768,-0.199966,-0.165031,-0.140404,-0.12138,-0.15432,-0.170803,0.148602
9,J-528,0.164955,0.163425,0.128872,0.158386,0.17622,0.181698,0.163139,0.0157204,0.139217,0.16658,0.190372,0.210083,0.227783,0.242268,0.25724,0.271961,-1.45682,-0.458645,-0.231564,-0.202709,-0.180691,-0.160999,-0.173969,-0.176254,0.129543
9,J-585,0.0597916,0.0826874,0.0824928,0.109859,0.128063,0.141991,0.175907,-0.0175629,0.0871124,0.113232,0.136543,0.156853,0.174744,0.191082,0.206467,0.220879,-2.68145,-0.431858,-0.245625,-0.226326,-0.20734,-0.186115,-0.16087,-0.13517,0.116531
9,J-590,0.0751724,0.075882,0.066597,0.099308,0.118595,0.133972,0.175323,-0.0175972,0.069973,0.0895996,0.108597,0.125591,0.141006,0.155422,0.169254,0.182014,-1.70604,-0.405315,-0.209236,-0.192619,-0.175289,-0.154987,-0.123825,-0.100719,0.116261
9,J-684,0.0956001,0.103294,0.0680656,0.0983734,0.117271,0.128746,0.145905,-0.0122108,0.104797,0.130657,0.154182,0.174442,0.193035,0.208981,0.224655,0.239674,-1.48814,-0.497444,-0.273121,-0.248249,-0.227306,-0.206097,-0.201458,-0.192375,0.117523
9,J-736,0.11216,0.118946,0.0794296,0.112373,0.132313,0.14114,0.147999,-0.00836563,0.109322,0.135616,0.159355,0.17971,0.198208,0.213997,0.22966,0.244713,-1.50059,-0.496056,-0.26923,-0.24358,-0.222355,-0.201244,-0.200008,-0.188908,0.118969
9,J-817,0.312466,0.300068,0.281609,0.317745,0.338837,0.33712,0.351501,0.107342,0.247604,0.280449,0.307289,0.328579,0.346333,0.360435,0.376541,0.392773,-2.1778,-0.375305,-0.132706,-0.0980949,-0.072506,-0.0510597,-0.044529,-0.0203247,0.21452
9,J-866,0.181458,0.180412,0.145069,0.180935,0.201103,0.201519,0.199635,0.0188103,0.137146,0.164143,0.187462,0.206806,0.223373,0.237263,0.252113,0.266647,-1.87808,-0.428864,-0.208122,-0.180687,-0.159473,-0.140144,-0.140255,-0.122414,0.134323
10,J-130,0.214657,0.209015,0.187237,0.212044,0.226948,0.234474,0.230648,0.0758858,0.226978,0.259556,0.286285,0.307114,0.325138,0.338543,0.354183,0.370342,-1.48973,-0.412106,-0.166359,-0.12722,-0.101162,-0.0823898,-0.129234,-0.156349,0.169094
10,J-137,0.210617,0.203625,0.183144,0.206726,0.221134,0.228523,0.218861,0.0793152,0.223003,0.254047,0.279144,0.298424,0.314976,0.327015,0.3414,0.356384,-1.43712,-0.381233,-0.145576,-0.107613,-0.0827904,-0.0655136,-0.11478,-0.144123,0.162716
10,J-138,0.22031,0.214169,0.191887,0.217049,0.232239,0.239723,0.234261,0.0797882,0.233047,0.266235,0.293358,0.314423,0.332611,0.346058,0.361847,0.378208,-1.49542,-0.412525,-0.164333,-0.124344,-0.0978775,-0.0790482,-0.128338,-0.156883,0.172161
10,J-151,0.176662,0.176468,0.155163,0.18,0.194611,0.203148,0.211411,0.0305061,0.176723,0.207954,0.235023,0.257248,0.277081,0.293037,0.310081,0.327045,-1.56112,-0.481155,-0.234886,-0.200649,-0.175518,-0.154095,-0.176224,-0.18203,0.152477
10,J-153,0.224297,0.216858,0.195408,0.219948,0.234863,0.241978,0.230122,0.0843163,0.234749,0.267399,0.293777,0.314037,0.331417,0.344028,0.359135,0.374901,-1.46651,-0.393604,-0.14996,-0.110001,-0.083992,-0.0661125,-0.11861,-0.149345,0.170734
10,J-181,0.191582,0.191345,0.16853,0.194874,0.210217,0.218304,0.228638,0.0351028,0.191483,0.224884,0.253876,0.277687,0.298939,0.316021,0.334301,0.352524,-1.61249,-0.504395,-0.247009,-0.210258,-0.18338,-0.16066,-0.185165,-0.192039,0.163681
10,J-182,0.183983,0.183758,0.161449,0.187149,0.20224,0.210804,0.220421,0.0334015,0.185078,0.217495,0.245579,0.268627,0.289185,0.305702,0.323383,0.341003,-1.58675,-0.492294,-0.240097,-0.204456,-0.178394,-0.156322,-0.180115,-0.18692,0.157898
10,J-269,0.23769,0.229603,0.207062,0.232491,0.247902,0.254864,0.239212,0.0907822,0.246937,0.280811,0.30817,0.329166,0.347164,0.360195,0.375847,0.392204,-1.48705,-0.400341,-0.150524,-0.108986,-0.082016,-0.0635986,-0.119232,-0.153343,0.175304
10,J-300,0.244278,0.234764,0.212654,0.237694,0.252968,0.259842,0.238239,0.0970345,0.251934,0.285458,0.312172,0.332382,0.349541,0.36166,0.376617,0.392422,-1.45641,-0.378704,-0.132763,-0.0908508,-0.0641823,-0.0467644,-0.107567,-0.14362,0.174908
10,J-418,2.40881,2.32202,2.29866,2.30455,2.29451,2.27545,2.9178,2.8472,3.3028,3.39783,3.4525,3.47473,3.48459,3.46881,3.48672,2.27898,0.49057,2.1609,2.62712,2.8268,2.91243,2.91124,2.33191,2.72621,2.47438
10,J-480,0.582806,0.561768,0.556644,0.567982,0.558372,0.492573,0.61842,0.54068,0.713509,0.747803,0.76878,0.779148,0.785561,0.783955,0.79187,0.803379,-0.996979,0.121689,0.382813,0.449776,0.482052,0.49115,0.325954,0.242855,0.490036
10,J-490,0.350227,0.333687,0.306656,0.335625,0.352486,0.354172,0.291924,0.131386,0.314934,0.355011,0.386787,0.410706,0.430878,0.444923,0.462479,0.481178,-1.55133,-0.405006,-0.131248,-0.0807037,-0.0490189,-0.0294266,-0.10791,-0.153374,0.213371
10,J-547,0.29459,0.278969,0.243546,0.273724,0.29052,0.286503,0.203659,0.0704231,0.213345,0.245274,0.271187,0.291279,0.308685,0.321571,0.336452,0.351772,-1.44299,-0.41254,-0.172459,-0.134575,-0.10894,-0.0906067,-0.13509,-0.162575,0.158722
10,J-909,0.185501,0.182636,0.162266,0.185619,0.199036,0.204582,0.202583,0.0393524,0.177448,0.207127,0.23241,0.252792,0.27079,0.284901,0.300381,0.315952,-1.49157,-0.438866,-0.203743,-0.169827,-0.145882,-0.126678,-0.154308,-0.163784,0.147896
11,J-171,6.26012,6.17696,6.24862,6.50506,6.99442,10.1966,12.8723,14.1419,15.2855,15.4889,15.5159,15.4344,15.3101,15.1056,15.008,14.9648,12.4759,14.4929,15.3078,15.7745,15.9292,15.8829,13.7108,11.974,11.4824
11,J-203,6.32825,6.24355,6.31487,6.5722,7.06399,10.2758,12.9585,14.2362,15.3894,15.5955,15.6238,15.5425,15.4178,15.2121,15.1141,15.071,12.5719,14.5962,15.4163,15.8881,16.0443,15.9962,13.8032,12.0545,11.561
11,J-310,3.49141,3.35608,3.35368,3.50987,3.86814,5.91202,7.73463,8.94169,10.1664,10.4394,10.5242,10.4876,10.3984,10.2189,10.1464,10.1314,7.56972,9.49845,10.3149,10.8307,10.9969,10.8961,8.54586,6.80375,6.47247
11,J-311,5.77553,5.64131,5.6673,5.88176,6.33316,9.01217,11.2826,12.5981,13.958,14.2516,14.3382,14.29,14.1839,13.9769,13.8912,12.9667,11.0506,13.1831,14.0889,14.6757,14.867,14.7561,12.1362,10.2225,9.83386
11,J-510,2.68031,2.57313,2.57401,2.7037,2.99769,4.65585,6.11507,7.06409,8.17444,8.42995,8.52008,8.50103,8.43401,8.2857,8.23116,8.22711,5.58503,7.46096,8.22487,8.69988,8.85641,8.76004,6.6792,5.19518,5.02635
11,J-65,6.22445,6.14153,6.213,6.46872,6.95676,10.1511,12.8209,14.0883,15.229,15.4317,15.4586,15.3772,15.2532,15.0491,14.9517,14.9085,12.4241,14.4378,15.251,15.7162,15.8703,15.8244,13.6584,11.9253,11.4347
12,J-199,0.54583,0.58329,0.633186,0.698753,0.784355,1.41892,1.81512,1.6932,2.12745,2.21827,2.27057,2.2936,2.30331,2.29089,2.30087,2.32165,-0.346504,1.19569,1.62938,1.78503,1.85497,1.85833,1.38036,1.08167,1.45462
12,J-278,2.16512,2.21599,2.30315,2.43361,2.61838,4.03523,5.05652,5.13935,5.69463,5.7953,5.83298,5.82674,5.80246,5.74569,5.72955,5.7326,3.01441,4.72057,5.25344,5.48823,5.58391,5.57794,4.78076,4.27306,4.49944
12,J-280,2.29642,2.35305,2.44591,2.58203,2.77229,4.25188,5.31664,5.39107,5.93401,6.02856,6.06209,6.0532,6.02719,5.96989,5.95262,5.95401,3.24358,4.95139,5.48151,5.71127,5.80576,5.80361,5.03173,4.53888,4.76097
12,J-284,1.18747,1.21355,1.26906,1.36006,1.4963,2.479,3.19056,3.26385,3.8032,3.91496,3.96548,3.97269,3.96104,3.91721,3.91007,3.92107,1.30357,2.91179,3.41125,3.632,3.72052,3.70598,2.93736,2.447,2.70177
12,J-503,0.401985,0.431099,0.473495,0.532677,0.61348,1.17226,1.51366,1.40503,1.87031,1.97269,2.03258,2.06013,2.07258,2.06047,2.0723,2.0961,-0.623131,0.935715,1.38063,1.54755,1.62083,1.61835,1.08735,0.75412,1.13702
12,J-516,1.36227,1.42577,1.50662,1.60883,1.73766,2.78613,3.48359,3.3665,3.7944,3.86804,3.90393,3.91194,3.90846,3.88416,3.88478,3.89642,1.18801,2.79902,3.2538,3.41445,3.48829,3.50258,3.0313,2.73701,3.07499
12,J-563,3.48461,3.55077,3.66624,3.83975,4.08544,5.98675,7.36682,7.52936,8.15275,8.25726,8.28735,8.26628,8.22493,8.14587,8.11681,8.11117,5.28997,7.12012,7.70969,7.98698,8.0978,8.0894,7.13534,6.53003,6.69629
12,J-569,0.137489,0.176125,0.219986,0.271393,0.332649,0.76384,0.974777,0.755989,1.1831,1.27632,1.33801,1.37389,1.39722,1.40056,1.42128,1.45055,-1.36812,0.194481,0.616417,0.754807,0.821098,0.828934,0.433815,0.189766,0.643021
12,J-640,3.82984,3.90549,4.0312,4.21581,4.47341,6.49149,7.94917,8.10123,8.71616,8.8139,8.83892,8.81416,8.77006,8.68929,8.65842,8.65053,5.80907,7.65972,8.25108,8.52554,8.63636,8.63281,7.69993,7.10746,7.27023
12,J-849,4.18891,4.28783,4.43511,4.63907,4.91286,7.15506,8.77447,8.90027,9.45047,9.52238,9.52923,9.49245,9.44009,9.35609,9.31952,9.30372,6.5649,8.38882,8.96505,9.21998,9.32544,9.33434,8.50484,7.98594,8.12421
12,J-850,4.93488,5.04197,5.20113,5.4211,5.71568,8.11042,9.82221,9.9496,10.5375,10.615,10.6237,10.5858,10.5311,10.4423,10.4041,10.3881,7.52062,9.42439,10.0249,10.2978,10.4105,10.4182,9.53068,8.98038,9.12486
12,J-906,0.0776978,0.116249,0.156792,0.200806,0.249481,0.614143,0.782845,0.555199,0.912392,0.989182,1.04199,1.07488,1.0981,1.10593,1.12653,1.15312,-1.47318,-0.00863647,0.371742,0.480911,0.536263,0.550148,0.263283,0.0837784,0.516403
13,J-187,0.503429,0.50124,0.524002,0.578068,0.673748,1.31815,1.84268,2.01577,2.48132,2.58427,2.62872,2.63364,2.62143,2.58039,2.57191,2.57997,0.400635,1.80409,2.22763,2.41399,2.48506,2.46748,1.7596,1.27161,1.44035
13,J-250,0.788948,0.779854,0.805801,0.874527,0.998795,1.78391,2.4031,2.6163,3.21017,3.34558,3.40641,3.41567,3.40195,3.35005,3.34011,3.35201,0.886368,2.43583,2.93892,3.1824,3.27351,3.24153,2.3138,1.69536,1.88593
13,J-263,0.663334,0.655796,0.679562,0.74194,0.854881,1.58094,2.16326,2.3692,2.91405,3.03749,3.09195,3.09923,3.08566,3.03736,3.02761,3.03779,0.695366,2.18407,2.6557,2.87769,2.96099,2.93407,2.08565,1.51252,1.69009
13,J-264,0.713039,0.704933,0.729618,0.794571,0.912079,1.66254,2.26023,2.46822,3.03266,3.16073,3.21763,3.22565,3.21199,3.16225,3.1524,3.16323,0.773186,2.28547,2.76945,2.9999,3.08627,3.0574,2.17785,1.58691,1.76963
13,J-653,2.78813,2.80531,2.88208,3.02959,3.2663,4.94183,6.2225,6.55764,7.27898,7.42022,7.46776,7.45171,7.40907,7.31937,7.28777,7.28512,4.56016,6.35355,6.96874,7.28403,7.40195,7.37041,6.18049,5.38886,5.48788
13,J-750,0.765495,0.756882,0.782669,0.850449,0.972733,1.74097,2.3426,2.5434,3.13765,3.27361,3.33564,3.34634,3.33407,3.28374,3.27496,3.28782,0.802124,2.35542,2.85872,3.10143,3.19256,3.16071,2.23974,1.62779,1.82787
13,J-774,0.462246,0.45834,0.478767,0.529896,0.621979,1.23476,1.73748,1.91503,2.37716,2.48054,2.52547,2.53095,2.51929,2.47888,2.47075,2.4791,0.318367,1.71107,2.13075,2.3156,2.38586,2.36758,1.66188,1.17448,1.34126
13,J-775,0.417019,0.414761,0.434834,0.483288,0.569931,1.1614,1.65208,1.82466,2.25723,2.35259,2.39309,2.3969,2.38491,2.34633,2.33802,2.34504,0.255119,1.6142,2.01711,2.18906,2.25473,2.2399,1.5826,1.12293,1.2802
13,J-861,0.702286,0.693974,0.718376,0.782829,0.899529,1.63947,2.22626,2.42917,2.99682,3.12635,3.1846,3.19375,3.18103,3.13203,3.1229,3.1345,0.724068,2.24232,2.72856,2.96011,3.047,3.01766,2.13597,1.54533,1.73509
13,J-87,0.0332298,0.0707474,0.107826,0.145248,0.183197,0.488167,0.620476,0.391815,0.704933,0.772354,0.82029,0.851784,0.875221,0.885979,0.90667,0.931831,-1.57083,-0.167801,0.184494,0.276413,0.325172,0.341721,0.118805,-0.0225143,0.397774
13,J-873,0.582375,0.576077,0.598488,0.656548,0.761555,1.4437,1.99458,2.18894,2.70367,2.81982,2.8709,2.87766,2.86492,2.81967,2.81061,2.82021,0.543739,1.99705,2.44929,2.65753,2.73602,2.71228,1.91674,1.37535,1.55037
13,J-936,0.616234,0.655014,0.703629,0.763847,0.838516,1.41415,1.82705,1.69203,2.04574,2.11451,2.15334,2.16956,2.17595,2.1655,2.17305,2.18872,-0.273285,1.17908,1.56989,1.69698,1.75668,1.76768,1.40757,1.18802,1.53294
14,J-262,0.153534,0.167625,0.183094,0.193176,0.206448,0.222919,0.249325,0.218212,0.205582,0.22834,0.246323,0.262928,0.278896,0.294548,0.309597,0.324413,-0.0977669,-0.0925636,-0.0862617,-0.0700531,-0.0523911,-0.0320091,-0.00292587,0.0255814,0.0659485
15,J-330,0.474884,0.530045,0.575172,0.623657,0.67836,0.790421,0.950912,0.707214,1.0543,1.12362,1.17124,1.20016,1.22011,1.22549,1.24351,1.26729,-1.28099,0.155418,0.528297,0.635925,0.690521,0.704346,0.429527,0.265007,0.681091
15,J-331,0.349125,0.394398,0.431301,0.47052,0.514641,0.605736,0.75264,0.56395,0.839806,0.894516,0.931175,0.952888,0.967606,0.970963,0.984474,1.00248,-1.20545,0.0911636,0.41127,0.497086,0.540764,0.553421,0.337387,0.205788,0.546738
15,J-368,0.384796,0.433548,0.473701,0.516701,0.565262,0.665871,0.806549,0.588737,0.902687,0.965805,1.00884,1.03488,1.05281,1.05764,1.07383,1.09518,-1.28782,0.0784454,0.425095,0.522125,0.57135,0.584221,0.336685,0.186935,0.568947
15,J-388,0.236588,0.276852,0.306488,0.337093,0.3713,0.431595,0.539909,0.382423,0.61644,0.664146,0.695976,0.714874,0.727741,0.730911,0.742615,0.758102,-1.24868,-0.0380554,0.250923,0.323906,0.360897,0.371429,0.187546,0.0781403,0.377586
15,J-405,0.36364,0.395,0.425709,0.463749,0.512642,0.633972,0.792038,0.662285,0.942047,0.998985,1.03377,1.05133,1.06105,1.05794,1.06726,1.08234,-1.01558,0.250275,0.570107,0.664452,0.709053,0.715874,0.449387,0.284393,0.581268
15,J-410,0.475307,0.509212,0.542961,0.586353,0.643463,0.783745,0.9888,0.862823,1.17088,1.23336,1.27037,1.28777,1.29628,1.29015,1.29863,1.31396,-0.867912,0.443115,0.78257,0.889938,0.939606,0.94503,0.63401,0.443253,0.749031
15,J-439,0.307777,0.350395,0.385719,0.423317,0.465729,0.554848,0.678246,0.48777,0.766777,0.823128,0.861244,0.884193,0.899971,0.904175,0.918457,0.937263,-1.27879,0.0177078,0.337891,0.423874,0.46756,0.479599,0.261063,0.127205,0.47319
15,J-535,0.237953,0.27467,0.30479,0.336323,0.371658,0.445206,0.55867,0.403076,0.637238,0.684334,0.715721,0.73436,0.747078,0.750256,0.761887,0.777233,-1.23349,-0.0207291,0.268387,0.340492,0.377346,0.388649,0.207474,0.0946274,0.392456
15,J-559,2.5966,2.68629,2.77488,2.88726,3.02878,3.40075,4.28711,4.16487,4.5601,4.61486,4.63454,4.62832,4.6124,4.57748,4.56879,4.57106,2.00719,3.59083,4.04311,4.20759,4.28272,4.29858,3.8432,3.58642,3.87803
15,J-633,0.939873,0.99464,1.04759,1.1118,1.19083,1.40026,1.83764,1.70376,1.98809,2.03326,2.05583,2.06143,2.0603,2.04678,2.04851,2.05653,-0.117401,1.22423,1.57021,1.67496,1.72536,1.74019,1.46442,1.30124,1.58139
16,J-446,5.7074,5.54498,5.55837,5.78007,6.26501,9.13364,11.6392,13.1856,14.5885,14.8843,14.9593,14.8943,14.7702,14.5418,14.4414,14.4091,11.8208,13.9093,14.8266,15.4153,15.6025,15.4968,12.7443,10.6424,10.0931
16,J-447,5.91371,5.75681,5.7767,6.00624,6.50058,9.46018,12.0324,13.577,14.9644,15.2514,15.3202,15.2512,15.1245,14.8953,14.7931,14.7583,12.187,14.2751,15.187,15.7658,15.9503,15.8514,13.1352,11.0435,10.4814
16,J-630,6.24982,6.13998,6.19579,6.44942,6.95284,10.1653,12.8902,14.2881,15.5051,15.7281,15.7617,15.679,15.5499,15.3346,15.2325,15.1886,12.7199,14.7508,15.5897,16.0793,16.2389,16.1847,13.8561,11.9759,11.4238
16,J-802,6.18506,6.03617,6.06449,6.30295,6.80656,9.86108,12.4951,14.0245,15.3934,15.6713,15.7342,15.6619,15.5334,15.3042,15.201,15.1641,12.592,14.6858,15.5928,16.1624,16.3446,16.2523,13.5797,11.5103,10.9445
17,J-595,0.452328,0.464527,0.479618,0.488834,0.501255,0.516926,0.545158,0.510948,0.495628,0.516521,0.532825,0.547966,0.562588,0.57716,0.590889,0.604263,0.187206,0.186768,0.193604,0.209526,0.227837,0.24995,0.287582,0.322964,0.364609
17,J-596,0.461357,0.473789,0.489285,0.498703,0.511356,0.527294,0.555828,0.520966,0.505302,0.5266,0.543232,0.558681,0.573605,0.588486,0.602509,0.616169,0.194824,0.191914,0.198933,0.215084,0.233669,0.256123,0.294327,0.330185,0.372517
17,J-616,0.361771,0.377808,0.397743,0.409821,0.425522,0.445015,0.47699,0.436562,0.419022,0.44606,0.467422,0.487312,0.506554,0.525635,0.543823,0.561653,0.0850525,0.0553894,0.0644226,0.0834732,0.105034,0.130692,0.171356,0.209473,0.258186
17,J-634,0.466419,0.478786,0.494076,0.503368,0.515827,0.531517,0.559784,0.524868,0.509083,0.530029,0.546421,0.561687,0.576454,0.591206,0.60508,0.618561,0.198692,0.197365,0.204128,0.219978,0.238384,0.260777,0.299629,0.3358,0.378029
17,J-705,0.505089,0.518063,0.534504,0.544399,0.557629,0.574284,0.603809,0.567291,0.550838,0.573158,0.590614,0.606857,0.622566,0.638241,0.653015,0.667404,0.23296,0.223225,0.230793,0.247601,0.267017,0.290531,0.330761,0.368317,0.412453
17,J-706,0.52227,0.536201,0.553955,0.564545,0.578514,0.595978,0.626503,0.587585,0.569969,0.593636,0.612244,0.629631,0.646477,0.663322,0.679199,0.694645,0.245132,0.227085,0.235077,0.252441,0.272675,0.297333,0.339958,0.379265,0.425514
17,J-793,0.512871,0.525913,0.542545,0.55254,0.565907,0.582737,0.612793,0.57589,0.559273,0.581844,0.599472,0.615856,0.631699,0.647495,0.662403,0.676922,0.240215,0.229153,0.236897,0.25391,0.273506,0.297195,0.33749,0.375206,0.41954
17,J-893,0.417625,0.430096,0.445297,0.454643,0.467171,0.482937,0.510715,0.4767,0.461548,0.48267,0.499203,0.514561,0.5294,0.54417,0.558109,0.571693,0.153255,0.153011,0.159752,0.175663,0.193928,0.215939,0.253075,0.287971,0.329712
18,J-889,5.50858,5.3585,5.37833,5.6004,6.07845,8.95571,11.4669,12.9713,14.3107,14.585,14.6486,14.5798,14.4559,14.2337,14.134,14.099,11.5862,13.6304,14.5152,15.0686,15.245,15.1545,12.5417,10.5104,9.96104
18,J-897,5.76697,5.6266,5.65596,5.88735,6.37428,9.35019,11.9248,13.4054,14.7195,14.9821,15.0387,14.9663,14.8408,14.6195,14.5189,14.4817,11.971,14.018,14.8946,15.4349,15.6081,15.5259,12.9737,10.9745,10.423
