 ,0,3600,7200,10800,14400,18000,21600,25200,28800,32400,36000,39600,43200,46800,50400,54000,57600,61200,64800,68400,72000,75600,79200,82800,86400
J-1,0.499084,0.240386,0.270263,0.840863,0.847767,0.842485,0.816493,0.164854,0.170658,0.217509,0.25306,0.279285,0.298981,0.306572,0.316542,0.338324,0.411573,2.56368,0.837784,0.921776,0.957565,0.943839,0.425908,0.494166,0.508204
J-10,1.02318,0.991324,0.997846,1.53519,1.57977,1.64159,1.72471,1.37863,1.54536,1.57608,1.56055,1.50472,1.38751,1.38902,1.38639,1.38725,1.42734,1.53881,1.72179,1.85034,1.87977,1.83962,1.4431,1.22775,1.17849
J-100,0.185413,0.193551,0.227036,0.739383,0.749469,0.749783,0.73583,0.071209,0.112838,0.153075,0.186418,0.214482,0.237539,0.249893,0.260776,0.282147,0.349291,1.61346,0.560484,0.602048,0.629385,0.639878,0.46406,0.477651,0.482772
J-101,0.190421,0.197818,0.231012,0.742141,0.752219,0.752562,0.73858,0.0743911,0.115726,0.156353,0.189755,0.217713,0.240643,0.252874,0.263804,0.285403,0.352568,1.69951,0.571438,0.614403,0.64207,0.651838,0.464971,0.480013,0.485172
J-102,0.234097,0.201387,0.228589,0.804942,0.814292,0.810265,0.784398,0.134512,0.197117,0.248576,0.284537,0.3108,0.330636,0.337904,0.347818,0.370715,0.403314,3.20722,0.815522,0.895924,0.931543,0.919954,0.377083,0.475063,0.484497
J-104,1.2711,1.22108,1.21864,1.77178,1.83068,1.91864,2.04308,1.77742,2.01071,2.06321,2.05624,1.99978,1.87944,1.86867,1.86167,1.86222,1.90823,2.0377,2.25492,2.42368,2.46406,2.4063,1.83569,1.51978,1.43468
J-105,0.243822,0.360106,0.390639,0.935312,0.946112,0.948816,0.937217,0.189648,0.254476,0.304229,0.340962,0.367946,0.387595,0.393114,0.399759,0.419532,0.488504,2.07067,0.785768,0.844689,0.876338,0.877372,0.638731,0.653882,0.652677
J-106,0.291224,0.409591,0.438508,0.98752,1.00096,1.00844,1.00432,0.271232,0.348671,0.402313,0.440454,0.46705,0.485484,0.488496,0.494169,0.513721,0.583554,2.1187,0.891814,0.957835,0.991172,0.988718,0.717261,0.714103,0.706469
J-107,0.14321,0.154114,0.191074,0.724532,0.734173,0.734542,0.721468,0.0401534,0.0848311,0.123281,0.157953,0.188745,0.21422,0.228617,0.238601,0.25846,0.330287,0.342204,0.429908,0.46301,0.49081,0.511517,0.460652,0.455907,0.459157
J-108,0.140387,0.146694,0.183169,0.707472,0.717267,0.717374,0.703508,0.0342732,0.074929,0.112049,0.145581,0.175545,0.20047,0.214743,0.224899,0.244489,0.313327,0.995016,0.431378,0.462805,0.489403,0.509131,0.442156,0.443498,0.44853
J-109,0.170344,0.179827,0.21434,0.731271,0.741253,0.741533,0.727592,0.0600639,0.102534,0.141492,0.174741,0.203334,0.226933,0.239878,0.250636,0.271322,0.339452,1.34477,0.519532,0.556956,0.583601,0.597052,0.461208,0.469514,0.474543
J-11,0.224952,0.197211,0.228374,0.683985,0.689938,0.696073,0.675157,0.114328,0.174686,0.215391,0.248652,0.275882,0.298334,0.311746,0.32003,0.339537,0.345363,4.15192,0.79904,0.863274,0.891051,0.879211,0.309872,0.417593,0.443473
J-110,0.17844,0.187483,0.221456,0.735936,0.745956,0.746248,0.732308,0.0662832,0.108474,0.148079,0.181349,0.209652,0.232939,0.245568,0.256391,0.277442,0.345086,1.48384,0.541395,0.581059,0.608079,0.61999,0.463283,0.47421,0.479253
J-111,0.268172,0.23665,0.263736,0.864192,0.869516,0.860058,0.827243,0.168685,0.219707,0.267525,0.302311,0.328112,0.347776,0.355309,0.365686,0.389574,0.423117,3.0487,0.877264,0.965528,1.00246,0.986107,0.378082,0.507214,0.518685
J-112,0.22518,0.203467,0.230514,0.763614,0.77399,0.770395,0.745612,0.129087,0.183348,0.232289,0.267792,0.294064,0.314084,0.321894,0.332573,0.357331,0.390834,3.32676,0.810732,0.886541,0.920725,0.910601,0.329459,0.461494,0.474206
J-113,0.281325,0.37787,0.409707,0.961598,0.969852,0.967721,0.94732,0.188577,0.250065,0.298959,0.335179,0.361541,0.380235,0.384421,0.388395,0.405447,0.451907,2.09658,0.747836,0.802972,0.83344,0.835678,0.61882,0.661376,0.666987
J-114,0.315335,0.411349,0.441656,0.99624,1.0068,1.00898,0.995438,0.251143,0.323869,0.376331,0.413861,0.440017,0.457767,0.459823,0.462969,0.479898,0.527081,2.15082,0.83221,0.893825,0.925929,0.925099,0.678754,0.704732,0.70438
J-115,0.244664,0.213103,0.24043,0.819993,0.82848,0.823348,0.796498,0.145543,0.207456,0.258737,0.29485,0.32106,0.340804,0.347938,0.357965,0.381026,0.413921,3.25242,0.830023,0.912667,0.948853,0.936522,0.387676,0.486643,0.496255
J-116,0.454675,0.43661,0.466181,1.07055,1.08142,1.0776,1.05093,0.386001,0.449244,0.498884,0.532732,0.556385,0.573613,0.578239,0.586615,0.608266,0.641865,3.44786,1.05598,1.13778,1.17343,1.16172,0.613467,0.709944,0.721098
J-117,0.194163,0.237734,0.270085,0.789995,0.801,0.803343,0.792523,0.113166,0.163014,0.206311,0.240762,0.268654,0.290988,0.301766,0.312662,0.334765,0.408113,1.66067,0.644036,0.691291,0.719715,0.726731,0.523086,0.528719,0.530276
J-118,0.242122,0.260149,0.290184,0.761384,0.772689,0.773384,0.757206,0.113294,0.165642,0.202499,0.234027,0.261148,0.284601,0.300256,0.313023,0.336118,0.374939,2.93848,0.767906,0.821973,0.848492,0.844071,0.440588,0.509172,0.523328
J-119,0.269468,0.290278,0.324788,0.851499,0.862925,0.864816,0.852733,0.182071,0.228114,0.268208,0.301011,0.328261,0.350327,0.361419,0.371214,0.391783,0.460758,1.68517,0.657029,0.700415,0.72885,0.740175,0.57317,0.578054,0.581837
J-12,0.218256,0.196321,0.228098,0.667411,0.677087,0.684321,0.668256,0.0791175,0.137432,0.177055,0.210191,0.238084,0.261796,0.27742,0.287196,0.308323,0.31381,4.94237,0.798026,0.864113,0.892622,0.879512,0.299967,0.412461,0.439813
J-120,0.210536,0.208815,0.240625,0.743816,0.754253,0.754635,0.74008,0.0829801,0.11892,0.161574,0.195378,0.222594,0.244696,0.255776,0.267127,0.289603,0.354678,1.92381,0.630773,0.677029,0.703959,0.708756,0.454713,0.483874,0.490899
J-121,0.513941,0.258808,0.288148,0.834647,0.844577,0.845559,0.830887,0.131543,0.149483,0.197134,0.236758,0.263721,0.282609,0.287257,0.297912,0.322281,0.434355,2.46386,0.835,0.914135,0.949201,0.9379,0.483888,0.526156,0.53411
J-122,0.354762,0.459283,0.488847,1.048,1.06014,1.06484,1.05501,0.325785,0.406819,0.461697,0.500072,0.525868,0.54272,0.543037,0.545895,0.562556,0.606413,2.03896,0.919144,0.984027,1.01627,1.01275,0.741345,0.760199,0.757129
J-123,0.43472,0.547903,0.578026,1.14592,1.15897,1.16445,1.15522,0.421281,0.503938,0.558716,0.59654,0.621517,0.637509,0.636835,0.639115,0.655364,0.700103,2.13091,1.01409,1.07995,1.11239,1.10854,0.833069,0.849544,0.846373
J-124,0.361192,0.466227,0.495918,1.05611,1.06828,1.07307,1.06326,0.333539,0.414611,0.469445,0.507739,0.533459,0.550263,0.550496,0.55332,0.56995,0.613809,2.04321,0.92645,0.991333,1.02356,1.02006,0.748559,0.767419,0.764395
J-125,0.244123,0.228102,0.256775,0.798649,0.810482,0.80508,0.773148,0.138619,0.191146,0.241061,0.2767,0.302977,0.322844,0.330445,0.338538,0.359692,0.385725,4.20366,0.785549,0.865842,0.902873,0.892783,0.292091,0.467113,0.488955
J-126,0.232992,0.218197,0.246187,0.774997,0.787849,0.784861,0.757603,0.117579,0.167504,0.213963,0.248597,0.274902,0.295126,0.3036,0.312168,0.334254,0.364304,4.25211,0.78966,0.871841,0.909347,0.898784,0.306945,0.459647,0.477988
J-127,0.22874,0.213629,0.241483,0.768889,0.781609,0.778965,0.752496,0.114034,0.164523,0.210963,0.245569,0.271841,0.292102,0.300754,0.310423,0.333395,0.36447,4.09295,0.789504,0.870238,0.907019,0.896589,0.309021,0.457221,0.474972
J-128,0.293297,0.155369,0.185618,0.726717,0.738722,0.739771,0.722775,0.114895,0.149682,0.200621,0.236106,0.262656,0.283177,0.291621,0.302446,0.325399,0.349374,2.803,0.737815,0.807381,0.84017,0.83391,0.365561,0.428432,0.435433
J-129,0.215376,0.144225,0.172984,0.71165,0.722581,0.72157,0.701127,0.0855522,0.134519,0.182422,0.217123,0.243639,0.264309,0.273621,0.28414,0.306787,0.335472,2.90808,0.700907,0.767127,0.799341,0.795054,0.341154,0.419423,0.428428
J-13,0.200636,0.197082,0.229447,0.583962,0.603758,0.611688,0.602969,0.052198,0.111188,0.153071,0.1883,0.218154,0.243836,0.261933,0.273238,0.296318,0.311224,5.91667,0.835261,0.906078,0.935235,0.917998,0.217386,0.35966,0.401627
J-130,0.358795,0.461868,0.491312,1.05066,1.06299,1.06814,1.05896,0.328795,0.410443,0.465511,0.50393,0.529683,0.546489,0.54668,0.549396,0.566047,0.61074,2.0808,0.923879,0.989404,1.02196,1.01841,0.746521,0.7632,0.759445
J-131,0.25923,0.293498,0.323566,0.53031,0.552558,0.567319,0.57286,0.363116,0.364833,0.361248,0.353822,0.341682,0.320948,0.271748,0.330138,0.304657,-0.647998,-0.808145,-0.915734,-0.97503,-0.998724,-1.01976,-1.03543,-0.965349,-0.88799
J-132,0.445997,0.223467,0.253428,0.779292,0.789479,0.789001,0.770408,0.136072,0.147548,0.195709,0.231924,0.258407,0.278166,0.285601,0.295784,0.317876,0.394125,2.57588,0.780412,0.854538,0.888109,0.878772,0.403519,0.470498,0.48562
J-133,0.523988,0.267113,0.297196,0.869959,0.877145,0.871971,0.846041,0.193327,0.200215,0.246984,0.282298,0.308269,0.327701,0.335048,0.34488,0.366508,0.439789,2.56548,0.866194,0.950107,0.985809,0.972029,0.453614,0.521575,0.535632
J-134,0.213254,0.149585,0.178236,0.708933,0.720084,0.71864,0.697101,0.0863366,0.134606,0.181681,0.216361,0.242751,0.263231,0.272396,0.282764,0.305045,0.336581,2.79842,0.711889,0.775936,0.806845,0.80228,0.330695,0.420571,0.432081
J-135,0.213385,0.150963,0.179649,0.710914,0.722049,0.720338,0.697836,0.0879265,0.137526,0.184705,0.219086,0.245433,0.266036,0.275099,0.285282,0.307374,0.337392,2.92084,0.71838,0.784573,0.816085,0.81047,0.320421,0.418171,0.431231
J-136,0.242617,0.218127,0.244816,0.818965,0.829112,0.826428,0.802621,0.136752,0.191439,0.242737,0.279871,0.306657,0.32689,0.334291,0.346532,0.372777,0.411812,3.43566,0.840637,0.92246,0.958757,0.947074,0.395447,0.494269,0.502312
J-137,0.0115503,0.0292297,0.0737203,0.670853,0.680408,0.680183,0.666171,-0.00997706,0.0321432,0.0712552,0.107127,0.139144,0.165685,0.181021,0.19083,0.210498,0.231881,0.240512,0.294585,0.320779,0.347907,0.373045,0.392856,0.376404,0.377695
J-138,0.378395,0.19632,0.225297,0.800015,0.808232,0.803454,0.776095,0.146269,0.181458,0.231957,0.266931,0.292807,0.312522,0.320072,0.329678,0.351499,0.383216,2.86922,0.764636,0.846222,0.881697,0.870625,0.391904,0.471394,0.480982
J-139,0.271006,0.179977,0.208601,0.757433,0.767147,0.763799,0.739409,0.116597,0.163732,0.210778,0.245619,0.271944,0.292136,0.300442,0.30947,0.330492,0.367348,2.90941,0.764577,0.835759,0.868154,0.859953,0.34979,0.446819,0.462232
J-14,0.527627,0.546836,0.579419,1.08627,1.0929,1.08409,1.05522,0.485637,0.474696,0.446729,0.407455,0.352143,0.245997,0.280041,0.289979,0.291957,0.315625,0.371396,0.465162,0.486501,0.486357,0.493588,0.565918,0.622388,0.672043
J-140,0.259349,0.172825,0.201412,0.748033,0.757932,0.754674,0.729919,0.114525,0.162041,0.208904,0.243611,0.269902,0.290101,0.298511,0.30733,0.327911,0.361707,2.94121,0.753314,0.823722,0.856119,0.848208,0.338884,0.436843,0.453015
J-141,0.264991,0.188755,0.21793,0.748315,0.756284,0.750125,0.720986,0.140742,0.188526,0.231767,0.265028,0.291265,0.311963,0.321939,0.329862,0.348914,0.373314,3.14516,0.743455,0.805518,0.83695,0.829952,0.353414,0.444979,0.458588
J-142,0.393319,0.419357,0.447898,0.999968,1.02238,1.04571,1.06875,0.449357,0.554626,0.612063,0.65292,0.681295,0.70045,0.702369,0.708108,0.727354,0.811087,1.4506,0.987422,1.05767,1.09444,1.09634,0.864266,0.770303,0.742284
J-143,0.49369,0.525158,0.55152,1.11312,1.13968,1.1702,1.20451,0.602711,0.727142,0.790372,0.833128,0.860703,0.877807,0.875731,0.879811,0.898692,0.985422,1.62843,1.17849,1.26046,1.30033,1.29698,1.01423,0.89162,0.853856
J-144,0.309426,0.181502,0.2104,0.808442,0.819762,0.820421,0.803515,0.152336,0.218364,0.271215,0.308102,0.334669,0.354628,0.361646,0.373226,0.397391,0.417577,2.42809,0.808123,0.881091,0.914547,0.906744,0.44648,0.492167,0.488833
J-145,13.3196,14.2822,14.2944,15.978,16.2143,16.5267,16.9476,16.4986,17.3634,17.5982,17.6466,17.57,17.4371,17.2125,17.106,17.0712,17.2707,18.8989,18.1624,18.6881,18.8368,18.6393,16.3388,15.1645,14.8264
J-146,0.270688,0.247735,0.273809,0.903712,0.909747,0.900246,0.867598,0.170576,0.228213,0.280016,0.317009,0.343421,0.362935,0.369112,0.380134,0.405545,0.443875,3.19579,0.91819,1.01058,1.0489,1.03112,0.413954,0.534019,0.540752
J-147,0.310589,0.176517,0.205979,0.754139,0.764251,0.762199,0.740571,0.11748,0.141289,0.191822,0.227327,0.253654,0.273793,0.281631,0.291844,0.314322,0.351322,2.77223,0.747099,0.816627,0.849294,0.842224,0.370127,0.445212,0.456885
J-148,0.272531,0.376115,0.40758,0.95813,0.967035,0.966184,0.948099,0.190039,0.252665,0.301895,0.33829,0.364826,0.383753,0.388235,0.392901,0.410703,0.463647,2.08762,0.761862,0.8182,0.848979,0.850704,0.627295,0.662655,0.666423
J-149,0.110943,0.201819,0.236946,0.730369,0.739476,0.739086,0.725251,0.0410429,0.074232,0.109426,0.143292,0.174833,0.201315,0.21713,0.226828,0.245137,0.360233,0.365444,0.422365,0.443018,0.465889,0.489293,0.485575,0.484931,0.490772
J-15,0.567414,0.58225,0.611999,1.12059,1.13114,1.12965,1.11245,0.566923,0.57425,0.5523,0.515408,0.459895,0.353202,0.38396,0.392967,0.395012,0.420354,0.480021,0.583428,0.615904,0.618752,0.621053,0.645432,0.674145,0.713717
J-150,0.190248,0.0684427,0.108077,0.731262,0.741021,0.741861,0.728891,0.0505614,0.113923,0.158695,0.195155,0.224691,0.248211,0.259631,0.270651,0.292876,0.304647,1.19836,0.486315,0.540944,0.574765,0.586719,0.436154,0.413617,0.405508
J-151,0.19078,0.0686558,0.108222,0.732252,0.742054,0.743084,0.730235,0.0511184,0.116151,0.161178,0.197564,0.227044,0.250518,0.261888,0.272852,0.29497,0.306904,1.1904,0.487817,0.542294,0.576056,0.588008,0.437953,0.415255,0.406479
J-152,0.169681,0.0634638,0.103016,0.712196,0.72221,0.722891,0.709331,0.0440373,0.10478,0.147563,0.182948,0.212151,0.235608,0.247379,0.257907,0.279202,0.292848,1.1589,0.463236,0.51327,0.545475,0.55866,0.42058,0.405082,0.399707
J-153,0.0259103,0.0349798,0.078223,0.667384,0.6769,0.676796,0.662801,-0.0121869,0.0309521,0.070224,0.106009,0.137816,0.164126,0.179227,0.18909,0.20881,0.232045,0.240162,0.294675,0.320351,0.347222,0.372648,0.390192,0.375412,0.377179
J-154,0.0104379,0.0277943,0.0721613,0.6685,0.678025,0.677851,0.66382,-0.0118787,0.0303091,0.0694379,0.105318,0.137327,0.16384,0.179176,0.189009,0.208689,0.230151,0.238743,0.292902,0.319038,0.346149,0.371302,0.391097,0.374719,0.376038
J-155,0.222844,0.208261,0.23626,0.765594,0.778196,0.775347,0.747523,0.123147,0.184585,0.234793,0.270438,0.296704,0.316678,0.324488,0.334449,0.357819,0.388585,3.68904,0.797345,0.874279,0.909362,0.899601,0.29085,0.454321,0.472991
J-156,0.222095,0.208196,0.236111,0.764898,0.777527,0.774657,0.746853,0.122261,0.18359,0.233781,0.269433,0.295707,0.315701,0.323539,0.333534,0.356934,0.38772,3.7107,0.796354,0.873546,0.908764,0.899015,0.28999,0.453865,0.472383
J-157,0.23696,0.216936,0.245025,0.761709,0.776393,0.774516,0.747671,0.122762,0.172862,0.219683,0.254288,0.280542,0.300679,0.309148,0.316405,0.33711,0.362397,4.77282,0.773558,0.858311,0.897644,0.887609,0.285038,0.448939,0.468805
J-158,0.237647,0.21769,0.245796,0.762633,0.777308,0.775454,0.748626,0.123847,0.173954,0.220779,0.255376,0.281628,0.301755,0.310216,0.317445,0.338151,0.363447,4.7776,0.775007,0.859709,0.89898,0.888874,0.285875,0.449908,0.469795
J-159,0.221525,0.207069,0.235001,0.764144,0.776732,0.773962,0.746113,0.120726,0.182442,0.232605,0.268228,0.294514,0.314535,0.322433,0.332623,0.356195,0.38727,3.66287,0.798331,0.875078,0.910088,0.900334,0.292138,0.453697,0.472106
J-16,0.241071,0.196924,0.224419,0.759692,0.771813,0.771806,0.752456,0.131766,0.196026,0.249906,0.286632,0.313082,0.332953,0.339958,0.350221,0.373453,0.40705,3.19318,0.803257,0.875314,0.908514,0.900652,0.374098,0.467564,0.476403
J-160,0.221649,0.207579,0.235464,0.765087,0.777617,0.774856,0.747121,0.121483,0.183376,0.233594,0.269239,0.295516,0.315519,0.323363,0.333506,0.357031,0.388091,3.65753,0.798565,0.875052,0.909981,0.900337,0.292373,0.454524,0.472796
J-161,0.534651,0.540872,0.57105,1.13554,1.15257,1.15443,1.13275,0.484106,0.55034,0.599263,0.632278,0.654935,0.671095,0.674704,0.682223,0.703274,0.735521,3.69896,1.15606,1.2335,1.26761,1.25698,0.665721,0.797032,0.813486
J-162,0.221357,0.209904,0.237255,0.765569,0.778412,0.777232,0.753417,0.120764,0.181094,0.231134,0.266978,0.293395,0.313515,0.321491,0.331489,0.354712,0.385682,3.7612,0.802274,0.881647,0.91744,0.906679,0.322595,0.46142,0.47664
J-163,0.213365,0.140133,0.169172,0.707069,0.718037,0.717251,0.697516,0.0841676,0.132581,0.180664,0.215517,0.242053,0.262723,0.271753,0.282317,0.30499,0.331908,2.81204,0.691937,0.757116,0.789046,0.785272,0.341237,0.416552,0.425607
J-164,0.103057,0.0399604,0.0848164,0.684247,0.694007,0.694328,0.680901,0.0131275,0.0656037,0.106457,0.142218,0.173043,0.198241,0.212,0.222098,0.242589,0.254177,0.273096,0.360622,0.398773,0.428505,0.448221,0.403257,0.38247,0.379507
J-165,0.0285775,0.0358658,0.0789909,0.668954,0.678496,0.678397,0.664418,-0.010247,0.0334278,0.0727918,0.108582,0.140335,0.166576,0.181578,0.191455,0.211206,0.234216,0.242703,0.29783,0.325364,0.35255,0.377387,0.391678,0.376798,0.378417
J-166,0.283085,0.230751,0.261343,0.835335,0.840531,0.829572,0.79246,0.16123,0.207594,0.250733,0.2841,0.310268,0.330454,0.339418,0.345246,0.362426,0.382657,3.24587,0.796447,0.865603,0.898656,0.889005,0.388609,0.488625,0.506511
J-167,0.30033,0.236199,0.269929,0.879973,0.881656,0.864016,0.814605,0.220369,0.270537,0.313474,0.34683,0.372535,0.391775,0.399177,0.401489,0.414789,0.414816,3.50219,0.801744,0.880579,0.914211,0.902039,0.360936,0.481166,0.512395
J-168,0.166745,0.0611237,0.101094,0.710885,0.720812,0.721515,0.708038,0.0421714,0.102568,0.145223,0.180663,0.210005,0.233581,0.245474,0.25598,0.27723,0.290527,1.11445,0.455417,0.5047,0.536863,0.550665,0.420242,0.403651,0.398312
J-169,0.112675,0.108002,0.146322,0.675923,0.685442,0.685144,0.670898,0.00160528,0.0347724,0.0700999,0.104223,0.136052,0.162834,0.179014,0.188459,0.206926,0.277351,0.28237,0.344279,0.366697,0.391595,0.416996,0.412187,0.410436,0.415758
J-17,0.213594,0.164605,0.192777,0.72412,0.735519,0.733931,0.711406,0.0944591,0.147666,0.195605,0.230404,0.2568,0.277313,0.286125,0.296441,0.31913,0.349999,3.14757,0.741783,0.8114,0.844056,0.837132,0.324757,0.428794,0.441457
J-170,0.126103,0.120015,0.158162,0.688344,0.697818,0.697671,0.683657,0.00952103,0.0452365,0.0813241,0.115661,0.147342,0.173904,0.189713,0.19924,0.218005,0.290907,0.296869,0.362368,0.386545,0.41193,0.436547,0.425083,0.42271,0.427639
J-171,0.213382,0.133789,0.16343,0.716081,0.726896,0.726318,0.707046,0.0833832,0.135992,0.183647,0.218534,0.24515,0.2659,0.274905,0.285671,0.308251,0.33257,2.45487,0.679665,0.742948,0.774301,0.771511,0.359683,0.421606,0.427814
J-172,0.296599,0.16814,0.197029,0.794017,0.805086,0.805499,0.788253,0.13704,0.202271,0.254976,0.291899,0.318576,0.338694,0.345934,0.357619,0.381839,0.401953,2.4206,0.79194,0.864586,0.897987,0.890332,0.431723,0.478425,0.475418
J-173,0.255743,0.171389,0.200361,0.733888,0.742043,0.735835,0.712467,0.109675,0.154871,0.199488,0.232947,0.259123,0.279466,0.28868,0.296794,0.316844,0.352441,2.79007,0.739028,0.804243,0.835198,0.829436,0.348379,0.439231,0.452109
J-174,0.299101,0.266451,0.300402,0.892426,0.894179,0.862129,0.786228,0.252019,0.338289,0.396195,0.434749,0.460576,0.47867,0.482349,0.491188,0.51581,0.552521,4.73732,0.995631,1.0977,1.14109,1.1223,0.416656,0.513316,0.510437
J-175,0.26431,0.24458,0.276757,0.741195,0.75609,0.751678,0.718803,0.157878,0.219213,0.264692,0.299572,0.326357,0.34715,0.357022,0.363297,0.38233,0.398107,5.2734,0.816879,0.896144,0.93105,0.917241,0.236243,0.430658,0.472325
J-176,0.289523,0.239523,0.272873,0.839188,0.843952,0.816862,0.749588,0.230983,0.309572,0.365786,0.403941,0.42997,0.448335,0.452524,0.460282,0.483541,0.516629,4.94792,0.945864,1.04695,1.0906,1.07299,0.374755,0.482406,0.479715
J-177,0.398368,0.213639,0.24431,0.777966,0.789522,0.789942,0.771525,0.15264,0.177266,0.228927,0.263244,0.289184,0.309293,0.317544,0.327443,0.348501,0.389365,2.50683,0.783029,0.852124,0.884102,0.876564,0.407758,0.475069,0.485695
J-178,0.374923,0.189658,0.220193,0.751218,0.762432,0.76251,0.743702,0.125206,0.148381,0.199989,0.234403,0.260559,0.280943,0.289565,0.299608,0.3208,0.362037,2.53048,0.754423,0.823472,0.855547,0.848186,0.381536,0.449675,0.460586
J-179,0.221113,0.208829,0.236506,0.765023,0.777812,0.775931,0.750644,0.120741,0.179696,0.2292,0.264755,0.291083,0.311198,0.319278,0.329104,0.352175,0.38245,3.74244,0.792513,0.870925,0.906384,0.896005,0.311303,0.458048,0.474857
J-18,0.230396,0.192486,0.220263,0.747945,0.760173,0.75911,0.736855,0.119858,0.177218,0.226459,0.261715,0.287963,0.3081,0.316252,0.326385,0.349392,0.380821,3.25266,0.786615,0.858561,0.891675,0.883285,0.338969,0.452585,0.465872
J-180,0.250831,0.268281,0.298413,0.768432,0.779249,0.779662,0.762129,0.113145,0.166512,0.203423,0.23508,0.262379,0.286106,0.302303,0.315286,0.338751,0.374788,3.27666,0.794389,0.851759,0.878899,0.872258,0.433897,0.51106,0.527504
J-181,0.309211,0.158577,0.189016,0.730064,0.742103,0.743108,0.726164,0.120256,0.151663,0.20255,0.238019,0.264533,0.285035,0.293431,0.304154,0.32698,0.351018,2.80674,0.743321,0.813538,0.84648,0.839879,0.368362,0.429931,0.437042
J-182,0.229775,0.232878,0.261232,0.809766,0.821033,0.816178,0.78591,0.127234,0.184146,0.233524,0.268981,0.295226,0.315218,0.323158,0.332619,0.355392,0.385453,3.83966,0.800563,0.882284,0.918898,0.907223,0.315709,0.480438,0.499845
J-183,5.03573,5.25945,5.32368,6.3715,6.44738,6.4996,6.52521,5.717,5.87423,5.9142,5.91198,5.88471,5.84702,5.79008,5.76004,5.75321,5.80578,8.59594,6.21627,6.3181,6.35418,6.34028,5.6221,5.56955,5.57476
J-184,0.262902,0.243252,0.275932,0.73137,0.74513,0.740253,0.708011,0.153086,0.2154,0.260422,0.295382,0.322485,0.343747,0.354453,0.361021,0.380218,0.395046,5.29937,0.826795,0.904202,0.937822,0.923266,0.233799,0.423969,0.467864
J-185,0.319897,0.415884,0.446048,1.00101,1.01182,1.01443,1.00153,0.258288,0.331975,0.384734,0.422375,0.448489,0.466119,0.467979,0.471052,0.487956,0.535275,2.15945,0.841197,0.903373,0.935634,0.934547,0.685687,0.71015,0.709228
J-186,0.239416,0.217016,0.245449,0.764782,0.779059,0.776326,0.747748,0.129592,0.180149,0.229369,0.264744,0.291124,0.311304,0.31957,0.327834,0.349362,0.37619,4.68699,0.774403,0.857709,0.896411,0.886631,0.280759,0.448113,0.469556
J-187,0.542535,0.55148,0.581738,1.15189,1.17015,1.17356,1.15407,0.50678,0.575594,0.625056,0.657951,0.680039,0.695458,0.698098,0.704801,0.725631,0.75834,4.16487,1.17466,1.25693,1.29323,1.28202,0.682836,0.807189,0.821425
J-188,0.227776,0.212406,0.240269,0.768462,0.781138,0.778423,0.751954,0.113827,0.162379,0.208106,0.242565,0.268807,0.289102,0.29786,0.308093,0.332013,0.365103,4.02714,0.790252,0.870623,0.907182,0.896734,0.310237,0.457353,0.474958
J-189,0.209941,0.209181,0.241082,0.744963,0.755407,0.755812,0.741238,0.0834509,0.119895,0.162438,0.196211,0.22346,0.245552,0.25663,0.268003,0.290416,0.355847,1.86086,0.630138,0.675723,0.702366,0.707285,0.457081,0.485492,0.492497
J-19,0.214011,0.178223,0.206042,0.734856,0.746726,0.745162,0.721917,0.0991119,0.15463,0.202482,0.237314,0.263622,0.284048,0.292816,0.303137,0.32618,0.357392,3.21652,0.76576,0.837355,0.870329,0.861955,0.32025,0.437894,0.451896
J-190,0.222543,0.20703,0.234534,0.76299,0.775494,0.773259,0.747974,0.118329,0.178839,0.228346,0.263808,0.29008,0.310198,0.318328,0.328529,0.352065,0.383598,3.64364,0.796761,0.874334,0.909452,0.899255,0.313175,0.457152,0.473527
J-191,0.328026,0.311287,0.337586,0.974352,0.981254,0.97245,0.940037,0.237077,0.296156,0.348331,0.385193,0.411078,0.429893,0.435131,0.445849,0.471139,0.510008,3.37412,0.982974,1.07612,1.11482,1.09717,0.480468,0.597875,0.604562
J-192,0.254021,0.16878,0.197789,0.721748,0.73066,0.725839,0.700895,0.0941128,0.136499,0.184243,0.2192,0.245568,0.265703,0.273893,0.28349,0.306069,0.350012,2.77125,0.715916,0.780706,0.812015,0.806532,0.340043,0.430974,0.44383
J-193,0.276767,0.214514,0.239822,0.850386,0.862007,0.86384,0.847666,0.163296,0.239184,0.295216,0.333486,0.360133,0.379551,0.385061,0.395637,0.419615,0.449409,2.87693,0.89253,0.980139,1.01745,1.00272,0.460363,0.522546,0.520131
J-194,0.238008,0.201004,0.228067,0.747544,0.760148,0.759558,0.738218,0.117893,0.169519,0.218821,0.254744,0.281299,0.301721,0.31019,0.321241,0.344582,0.377653,3.39866,0.802164,0.877779,0.911905,0.901681,0.333142,0.455972,0.470035
J-195,0.233457,0.197109,0.224202,0.741332,0.75417,0.75358,0.732217,0.114342,0.164984,0.213932,0.249828,0.276398,0.296894,0.305514,0.316743,0.340285,0.372663,3.4232,0.795272,0.870408,0.904412,0.894414,0.325039,0.450978,0.465407
J-196,0.233394,0.212529,0.240537,0.74872,0.764378,0.763508,0.737731,0.120433,0.170705,0.218052,0.252828,0.279176,0.299454,0.308105,0.315803,0.336766,0.361834,4.92105,0.765949,0.850776,0.890435,0.880747,0.275823,0.44135,0.461437
J-197,0.239447,0.226654,0.254832,0.786087,0.798876,0.796089,0.768184,0.141978,0.203079,0.253021,0.288417,0.314463,0.334252,0.341914,0.351728,0.375014,0.405829,3.77596,0.813461,0.890709,0.926001,0.916371,0.307878,0.471976,0.490682
J-198,6.42127,6.58426,6.61647,7.82714,7.94985,8.09136,8.2613,7.64934,8.05886,8.17847,8.20573,8.17321,8.11395,8.00963,7.96207,7.95366,8.02845,10.4503,8.65638,8.91529,8.99404,8.91135,7.59837,7.13426,6.99954
J-199,4.67469,4.73769,4.75075,5.78912,5.90082,6.04372,6.2288,5.75163,6.17974,6.31967,6.36626,6.35114,6.30715,6.21503,6.17701,6.17811,6.25094,8.74385,6.91176,7.1904,7.27636,7.18256,5.79758,5.31181,5.15298
J-2,0.106658,0.203473,0.23856,0.731647,0.740756,0.740406,0.726553,0.0429021,0.0760708,0.111247,0.145089,0.176609,0.203064,0.218866,0.228566,0.246858,0.362042,0.367262,0.424108,0.444782,0.467629,0.491043,0.487337,0.486703,0.492591
J-20,0.365859,0.468981,0.498444,1.05858,1.07106,1.0764,1.06748,0.336551,0.418526,0.473656,0.51204,0.537731,0.55443,0.554498,0.557125,0.573734,0.61882,2.10233,0.932082,0.997972,1.03068,1.0271,0.754727,0.770457,0.76648
J-200,0.143948,0.145142,0.182628,0.713852,0.723465,0.723515,0.709869,0.0262917,0.0689968,0.106913,0.141587,0.172632,0.198356,0.213019,0.222918,0.242435,0.317903,0.326689,0.402979,0.432902,0.459845,0.48209,0.450039,0.447186,0.451481
J-201,0.117816,0.113928,0.152018,0.681442,0.690972,0.69075,0.676648,0.00635761,0.0406893,0.0762987,0.110407,0.142066,0.168673,0.184635,0.194147,0.212758,0.283593,0.289501,0.354961,0.378548,0.403764,0.428622,0.417773,0.415852,0.421014
J-202,0.284936,0.153451,0.183584,0.722079,0.734202,0.735563,0.718767,0.113012,0.151077,0.201531,0.237043,0.263586,0.284122,0.292585,0.303486,0.326581,0.349048,2.80058,0.732664,0.801745,0.834483,0.82859,0.363436,0.424892,0.433321
J-203,0.280474,0.248928,0.285435,0.872319,0.875193,0.845371,0.767055,0.221971,0.30404,0.361073,0.399459,0.425577,0.444127,0.448549,0.457562,0.482298,0.51863,4.92167,0.955272,1.05736,1.10133,1.08334,0.385088,0.486432,0.490832
J-204,0.279887,0.249531,0.285892,0.873572,0.876414,0.846649,0.768539,0.221408,0.303603,0.360613,0.398965,0.425076,0.443638,0.448094,0.457181,0.481946,0.518305,4.85883,0.956463,1.058,1.10167,1.0837,0.385742,0.487654,0.492207
J-205,0.36223,0.236964,0.266414,0.868683,0.880445,0.881322,0.864359,0.207391,0.275695,0.328511,0.365097,0.391184,0.410628,0.417088,0.428543,0.45248,0.472534,2.36622,0.865585,0.937687,0.970611,0.962812,0.501653,0.546823,0.542386
J-206,0.358768,0.233414,0.26282,0.864588,0.876306,0.877149,0.860223,0.203232,0.271767,0.324676,0.361322,0.387451,0.406946,0.413419,0.424935,0.448894,0.468901,2.34774,0.862317,0.934361,0.967238,0.959433,0.498,0.543079,0.538541
J-207,0.291576,0.423217,0.444783,0.781915,0.805192,0.8355,0.896142,0.514373,0.603223,0.658068,0.697094,0.722872,0.739226,0.73943,0.735904,0.746582,0.747189,5.42226,1.10702,1.20775,1.24896,1.22568,0.543853,0.666124,0.662816
J-208,0.253208,0.27952,0.312997,0.793588,0.835447,0.84893,0.817293,0.263272,0.328207,0.378677,0.415305,0.441316,0.459545,0.463966,0.465557,0.480515,0.491121,4.65656,0.846483,0.930217,0.967338,0.953635,0.271449,0.491035,0.531352
J-209,0.253612,0.282389,0.316046,0.906676,0.914829,0.900277,0.841084,0.220933,0.305909,0.362654,0.4009,0.42701,0.445454,0.449704,0.457259,0.479702,0.509882,4.78878,0.948489,1.04987,1.09333,1.07508,0.382485,0.517446,0.537663
J-21,3.22411,3.66589,3.72273,4.60941,4.64784,4.66504,4.65352,3.68643,3.78441,3.82026,3.83144,3.82632,3.81269,3.78289,3.76632,3.76732,3.84303,5.343,4.1719,4.24679,4.27939,4.27554,3.96993,3.96029,3.97567
J-210,0.25109,0.279682,0.311713,0.894925,0.904163,0.892489,0.83968,0.212741,0.296881,0.353537,0.391766,0.417958,0.436559,0.441071,0.449027,0.471918,0.503049,4.80098,0.940677,1.04133,1.08468,1.06692,0.379687,0.516173,0.535798
J-211,0.223298,0.209411,0.237371,0.765483,0.778268,0.775572,0.747994,0.125358,0.185654,0.235831,0.271502,0.297805,0.317783,0.325577,0.335198,0.358333,0.388656,3.8634,0.7933,0.871192,0.906857,0.897133,0.286423,0.453909,0.472503
J-212,0.223634,0.209986,0.237935,0.766804,0.779563,0.776776,0.749138,0.125578,0.185799,0.235942,0.271597,0.297878,0.317844,0.325633,0.335285,0.358405,0.38873,3.82637,0.794064,0.871859,0.907413,0.89764,0.287268,0.454776,0.473401
J-213,0.229818,0.247586,0.278635,0.771609,0.782169,0.782179,0.766419,0.107125,0.15111,0.190725,0.223136,0.250103,0.272687,0.285794,0.298291,0.321223,0.377909,2.14157,0.702366,0.751413,0.777922,0.778795,0.470938,0.514617,0.524625
J-214,0.211761,0.211689,0.243419,0.74605,0.7565,0.756837,0.742179,0.0846795,0.121113,0.163587,0.197293,0.224508,0.246611,0.257794,0.269242,0.29175,0.356452,1.91417,0.635933,0.682125,0.708892,0.713416,0.456427,0.48648,0.493727
J-215,0.538733,0.242344,0.27193,0.817893,0.827219,0.826616,0.808381,0.154836,0.166769,0.211391,0.245131,0.271286,0.291745,0.301109,0.310859,0.331384,0.410096,2.6284,0.824883,0.906769,0.94231,0.929781,0.437914,0.497965,0.510471
J-216,0.587652,0.29505,0.325086,0.876218,0.886073,0.885685,0.867473,0.210832,0.223231,0.267537,0.300792,0.326426,0.346359,0.355205,0.364618,0.384851,0.463687,2.67704,0.878182,0.959965,0.995477,0.983046,0.491108,0.550645,0.563434
J-217,0.22079,0.156577,0.18494,0.727827,0.737753,0.734073,0.708261,0.102168,0.154577,0.202718,0.237427,0.263718,0.28407,0.292577,0.302302,0.32418,0.355036,2.99151,0.720958,0.787243,0.819201,0.813562,0.327575,0.422364,0.43479
J-218,0.276791,0.300253,0.330837,0.811421,0.822804,0.823295,0.806967,0.155226,0.206468,0.243256,0.274454,0.301094,0.324014,0.338927,0.35151,0.374375,0.417448,2.73234,0.794883,0.847012,0.873152,0.870113,0.491033,0.553653,0.567235
J-219,0.236629,0.244362,0.276555,0.793855,0.803703,0.803915,0.789921,0.105477,0.151108,0.194838,0.229243,0.257008,0.279484,0.290742,0.3024,0.32543,0.400009,1.9238,0.657502,0.707651,0.736771,0.742104,0.509278,0.525881,0.530218
J-22,0.967907,0.935583,0.942651,1.47506,1.51792,1.57697,1.65601,1.30423,1.4639,1.49246,1.47622,1.42072,1.30355,1.30647,1.30424,1.3052,1.3448,1.45527,1.63413,1.75815,1.78638,1.74811,1.37003,1.1648,1.11866
J-220,0.255626,0.260317,0.292479,0.801323,0.812262,0.813198,0.799258,0.139175,0.176738,0.219273,0.252668,0.279457,0.301087,0.311738,0.322499,0.344715,0.410276,2.11171,0.679899,0.728057,0.756061,0.76122,0.508769,0.534474,0.540871
J-223,0.388159,0.220517,0.261342,0.795641,0.804301,0.802532,0.785313,0.0529006,0.114738,0.158219,0.194981,0.225596,0.250102,0.262365,0.272882,0.294216,0.395411,0.393022,0.452381,0.510622,0.543618,0.557,0.531404,0.53524,0.539576
J-224,0.348473,0.175167,0.205927,0.746538,0.758048,0.758313,0.739571,0.124468,0.148252,0.201,0.236116,0.262285,0.282388,0.290177,0.300145,0.321586,0.354476,2.49258,0.751563,0.819643,0.851339,0.844345,0.376265,0.440726,0.449833
J-225,21.0856,21.6909,21.7825,23.7132,23.9275,24.1432,24.3776,23.5347,24.0536,24.1539,24.1197,24.0036,23.8553,23.6525,23.5427,23.4855,23.6028,25.442,24.2023,24.4954,24.574,24.4837,22.9693,22.2578,22.1225
J-226,0.263389,0.205924,0.238097,0.768637,0.768214,0.760331,0.716756,0.215065,0.281156,0.325087,0.35941,0.385908,0.40628,0.415492,0.419505,0.435525,0.436476,4.62175,0.802462,0.871583,0.902346,0.891918,0.332146,0.426592,0.454485
J-227,0.235782,0.209412,0.239584,0.692609,0.694635,0.701823,0.683687,0.162057,0.226502,0.268951,0.302878,0.32991,0.351611,0.363364,0.370081,0.388727,0.393846,4.82284,0.817346,0.887447,0.918101,0.905711,0.327489,0.43017,0.451225
J-228,0.261169,0.209097,0.239246,0.746093,0.745071,0.741303,0.701258,0.208993,0.276146,0.320059,0.354391,0.380925,0.401415,0.410937,0.415605,0.432004,0.433757,4.10891,0.817234,0.881537,0.909806,0.899621,0.333032,0.433845,0.455207
J-229,0.107392,0.203559,0.238615,0.731761,0.740866,0.740534,0.72664,0.0428572,0.0760574,0.111231,0.145083,0.176606,0.203073,0.218861,0.228578,0.246862,0.362066,0.367277,0.424149,0.444812,0.467676,0.491075,0.487364,0.48674,0.492619
J-23,0.535537,0.531707,0.581467,1.06443,1.07474,1.06064,1.00914,0.332164,0.446144,0.51129,0.557147,0.587105,0.60545,0.60573,0.594975,0.598201,0.529449,6.56678,1.20327,1.30231,1.33784,1.30564,0.293223,0.637627,0.729874
J-230,0.326117,0.249705,0.279936,0.837804,0.846811,0.842121,0.814894,0.207544,0.259898,0.30476,0.338478,0.364239,0.383999,0.392392,0.399498,0.417964,0.448602,3.24299,0.846178,0.91938,0.952152,0.94244,0.413938,0.511991,0.528326
J-231,0.214467,0.147533,0.176182,0.71137,0.72237,0.721003,0.699784,0.0859287,0.133917,0.180517,0.215472,0.241911,0.262386,0.271296,0.281734,0.304303,0.336249,2.89358,0.707741,0.773244,0.804949,0.800385,0.335443,0.420259,0.430428
J-232,0.246327,0.361511,0.39211,0.937316,0.947978,0.950493,0.938591,0.189589,0.25431,0.304056,0.340785,0.367736,0.387332,0.392785,0.399278,0.41895,0.487247,2.0898,0.784648,0.843635,0.875344,0.876444,0.638649,0.654808,0.653781
J-233,0.288386,0.315413,0.347623,0.941228,0.951764,0.941552,0.889104,0.281986,0.377735,0.437838,0.477271,0.50307,0.520502,0.522621,0.529324,0.551567,0.582844,4.85843,1.02947,1.13707,1.1822,1.16121,0.441349,0.559515,0.573843
J-234,0.264622,0.291876,0.325242,0.917468,0.926192,0.912796,0.855363,0.239319,0.327599,0.38532,0.423896,0.449884,0.467989,0.471573,0.478917,0.501272,0.531782,4.65751,0.97482,1.07685,1.12013,1.10106,0.400847,0.531042,0.549612
J-235,0.309812,0.360192,0.388847,0.868357,0.881551,0.885385,0.873788,0.272609,0.333865,0.375183,0.408417,0.43475,0.455657,0.466212,0.474586,0.493991,0.527852,2.93275,0.924656,0.989187,1.01936,1.01046,0.548821,0.619222,0.628877
J-236,0.249379,0.278867,0.308681,0.777952,0.789749,0.79124,0.776369,0.137945,0.192221,0.229545,0.261275,0.288289,0.311415,0.326479,0.338712,0.361393,0.399953,2.97155,0.79308,0.848769,0.875809,0.870799,0.460744,0.528382,0.54176
J-237,0.355033,0.452448,0.48191,1.04026,1.05252,1.05764,1.04868,0.311942,0.392441,0.447279,0.485601,0.511421,0.52831,0.52871,0.531161,0.547916,0.596277,2.22692,0.907599,0.974108,1.00757,1.00462,0.737772,0.751971,0.74767
J-238,0.872766,0.929833,0.955252,1.54103,1.57294,1.61131,1.65703,1.0611,1.20773,1.27669,1.32038,1.34551,1.35884,1.35063,1.35287,1.37062,1.46371,1.98868,1.68891,1.78231,1.82377,1.81263,1.46935,1.31553,1.26915
J-239,0.215136,0.187558,0.215336,0.744036,0.756062,0.754246,0.730183,0.100799,0.157583,0.205266,0.239903,0.266112,0.286452,0.295214,0.305462,0.32832,0.359711,3.25993,0.778525,0.851425,0.884681,0.875553,0.319555,0.444522,0.459638
J-24,0.388576,0.495246,0.524955,1.08762,1.10025,1.10552,1.09637,0.363949,0.445817,0.500703,0.538832,0.564284,0.580759,0.580636,0.583148,0.59963,0.644598,2.1124,0.957951,1.02358,1.05612,1.05256,0.780129,0.796515,0.792942
J-240,74.0917,74.7823,74.7109,76.8044,77.3206,78.0323,78.99,79.9233,81.2812,81.6029,81.6475,81.509,81.2858,80.9243,80.735,80.6451,80.8004,81.2775,81.6643,82.3189,82.4828,82.2276,78.8269,76.323,75.5008
J-242,0.283794,0.204976,0.235206,0.789417,0.797413,0.791493,0.762699,0.152427,0.202129,0.246452,0.280234,0.306482,0.326938,0.336316,0.343976,0.362896,0.393145,3.32965,0.788524,0.861439,0.894398,0.885226,0.363098,0.464684,0.481736
J-243,0.23494,0.197746,0.230127,0.703094,0.707694,0.710573,0.684076,0.14038,0.202488,0.244063,0.277602,0.304656,0.326583,0.3389,0.346068,0.364798,0.369402,4.50358,0.801756,0.869726,0.899327,0.887295,0.31768,0.415826,0.443788
J-244,0.252068,0.201806,0.235926,0.744458,0.74679,0.742726,0.706077,0.181466,0.245008,0.287742,0.321527,0.348033,0.368797,0.379033,0.384417,0.401176,0.403705,3.82447,0.809686,0.875614,0.904259,0.893118,0.327488,0.422067,0.455338
J-245,0.348038,0.337995,0.372184,0.919522,0.924101,0.915037,0.88393,0.175415,0.232266,0.28007,0.315862,0.342651,0.36267,0.369271,0.376106,0.395039,0.423757,2.05389,0.668768,0.717491,0.745875,0.75095,0.536117,0.604898,0.620532
J-246,0.374596,0.34064,0.374925,0.914274,0.920421,0.913255,0.885305,0.204171,0.255998,0.302163,0.336999,0.363265,0.383091,0.389977,0.397476,0.416824,0.459995,1.96323,0.710716,0.758198,0.785532,0.790196,0.549227,0.608731,0.623829
J-247,0.33524,0.35942,0.390405,0.989334,1.00229,0.996307,0.950659,0.357386,0.464857,0.52844,0.56904,0.59437,0.61058,0.610295,0.61606,0.638025,0.67052,4.66557,1.12952,1.2415,1.28712,1.26319,0.514835,0.615664,0.624045
J-248,0.366129,0.38994,0.419957,1.02178,1.03662,1.03383,0.993107,0.408663,0.523877,0.589841,0.631212,0.65624,0.67163,0.669729,0.674753,0.696547,0.729857,4.80494,1.19364,1.3107,1.35781,1.33191,0.563474,0.652142,0.65634
J-249,0.146829,0.156066,0.192446,0.720109,0.730057,0.730748,0.718043,0.0450244,0.0880331,0.12598,0.160077,0.190395,0.215519,0.229749,0.239673,0.259369,0.330977,0.343849,0.440391,0.474002,0.501939,0.522211,0.457314,0.454041,0.457582
J-25,0.35579,0.459732,0.489304,1.04867,1.06085,1.06568,1.05602,0.326174,0.407309,0.462212,0.500578,0.526358,0.543214,0.543507,0.546326,0.562986,0.607078,2.05082,0.91967,0.984763,1.01711,1.01363,0.742398,0.760653,0.757434
J-250,0.281773,0.209535,0.243018,0.773399,0.772857,0.762938,0.717457,0.22699,0.293425,0.337472,0.371658,0.397788,0.417622,0.426114,0.430029,0.445191,0.444859,3.41638,0.83226,0.897213,0.925248,0.914262,0.346239,0.433354,0.46454
J-252,0.254877,0.228918,0.259469,0.716362,0.719122,0.726568,0.707575,0.182699,0.247336,0.289546,0.323199,0.349976,0.371454,0.383023,0.389593,0.408257,0.413488,5.16752,0.83527,0.907605,0.939376,0.926815,0.348962,0.44796,0.468968
J-253,0.417527,0.394947,0.45017,0.871188,0.880615,0.862898,0.805443,0.198434,0.297771,0.360092,0.407054,0.441171,0.465559,0.475103,0.471563,0.481287,0.421037,6.91485,0.998992,1.08144,1.11131,1.08351,0.121245,0.464866,0.572936
J-254,0.206952,0.228575,0.266097,0.809783,0.820421,0.821604,0.809298,0.121241,0.168202,0.206756,0.240883,0.270767,0.29522,0.308381,0.317915,0.337371,0.411048,0.425035,0.513942,0.548827,0.577031,0.597061,0.539824,0.532352,0.535611
J-255,0.315943,0.411945,0.44222,0.996848,1.00746,1.0097,0.99626,0.252241,0.325159,0.377684,0.415256,0.441406,0.459124,0.461134,0.464288,0.48119,0.52839,2.15211,0.833682,0.8954,0.927545,0.926666,0.679815,0.705497,0.705031
J-256,0.309588,0.155937,0.1986,0.74049,0.749155,0.746822,0.728304,0.0460855,0.109884,0.153343,0.189961,0.220534,0.24506,0.257468,0.267924,0.289246,0.333781,0.327925,0.391682,0.460487,0.495919,0.505639,0.472096,0.476725,0.480604
J-258,0.225687,0.212492,0.24037,0.77095,0.783261,0.78046,0.753892,0.112325,0.159965,0.206577,0.241322,0.267623,0.28801,0.296865,0.30785,0.332217,0.365421,3.77593,0.794252,0.873033,0.90868,0.898247,0.314611,0.459924,0.477554
J-259,0.246005,0.218017,0.24871,0.708105,0.711452,0.717082,0.695267,0.161442,0.224359,0.266039,0.299518,0.326387,0.348115,0.360198,0.367283,0.386052,0.391464,4.58338,0.823574,0.891332,0.920844,0.908799,0.336977,0.438597,0.461377
J-26,0.511567,0.243196,0.273085,0.85134,0.85744,0.850856,0.823273,0.173803,0.176166,0.222534,0.258,0.284207,0.30385,0.311441,0.321151,0.342718,0.414421,2.60991,0.846521,0.932748,0.969175,0.954597,0.429638,0.497736,0.511618
J-260,0.520609,0.503333,0.522505,1.1526,1.17723,1.20002,1.21396,0.608937,0.719045,0.784612,0.825142,0.848325,0.861033,0.855159,0.856549,0.874635,0.908991,4.28138,1.40249,1.53027,1.5796,1.54921,0.830151,0.837768,0.80989
J-261,0.274952,0.304691,0.336087,0.918069,0.92852,0.918905,0.870455,0.237398,0.320482,0.376577,0.414291,0.440069,0.458359,0.462677,0.47056,0.49347,0.525207,4.95448,0.957906,1.05858,1.10234,1.08534,0.403695,0.54074,0.560112
J-262,0.358718,0.462881,0.492433,1.05211,1.06436,1.06928,1.05977,0.329971,0.411314,0.466275,0.504634,0.530386,0.547194,0.547427,0.550229,0.566874,0.611006,2.05502,0.92377,0.988933,1.0213,1.0178,0.746092,0.763997,0.760648
J-263,0.64128,0.651792,0.679406,1.19481,1.20923,1.21471,1.20844,0.682332,0.707644,0.691588,0.657072,0.601548,0.493154,0.520426,0.52773,0.529407,0.556362,0.623504,0.735748,0.77923,0.7852,0.782682,0.758917,0.760298,0.790231
J-264,0.433282,0.405776,0.461981,0.886859,0.897506,0.880729,0.823591,0.211644,0.311263,0.373552,0.420199,0.453744,0.477336,0.485871,0.481715,0.490026,0.432491,5.48935,1.02233,1.09865,1.12588,1.09986,0.144351,0.476135,0.587153
J-265,0.336983,0.40425,0.433465,0.908821,0.922716,0.927175,0.916411,0.306304,0.368158,0.408322,0.440879,0.466857,0.487697,0.498587,0.507474,0.527152,0.562991,2.8221,0.960339,1.02234,1.05131,1.04315,0.592207,0.661262,0.672042
J-266,0.237573,0.202755,0.233284,0.698597,0.701369,0.704493,0.678895,0.152011,0.21552,0.257578,0.291304,0.318307,0.340059,0.352042,0.359052,0.377656,0.382641,4.34032,0.813118,0.879471,0.908288,0.896389,0.324639,0.424574,0.447498
J-267,0.158193,0.177562,0.213477,0.744702,0.754831,0.756056,0.744253,0.0636702,0.110637,0.149866,0.184381,0.214566,0.239373,0.252993,0.263175,0.283255,0.358474,1.03571,0.480088,0.516188,0.544447,0.562872,0.484773,0.478301,0.48067
J-269,0.454178,0.4446,0.498622,0.971827,0.976132,0.951072,0.882292,0.197419,0.289974,0.348907,0.392943,0.424064,0.444928,0.44992,0.440829,0.444165,0.36937,6.33434,1.01101,1.09464,1.12572,1.0997,0.146805,0.52501,0.633468
J-27,0.282972,0.201747,0.232361,0.790942,0.798935,0.792981,0.763944,0.149531,0.198426,0.242748,0.27655,0.302817,0.323254,0.332586,0.340032,0.358736,0.389805,3.35113,0.789247,0.862977,0.896405,0.886819,0.361025,0.462736,0.480473
J-271,0.254965,0.272564,0.301495,0.863054,0.874988,0.869698,0.832809,0.197838,0.276279,0.331378,0.368855,0.394965,0.413885,0.41925,0.428094,0.451736,0.484446,4.60595,0.913001,1.00748,1.04894,1.03377,0.37146,0.514479,0.532097
J-273,0.297952,0.362361,0.391158,0.861914,0.875441,0.879805,0.869169,0.261894,0.323693,0.364138,0.397089,0.423504,0.44475,0.456071,0.465173,0.485126,0.520807,2.86587,0.917879,0.980567,1.00982,1.00161,0.55018,0.618754,0.628972
J-274,0.25668,0.274683,0.303562,0.865059,0.87709,0.871879,0.83517,0.199767,0.277925,0.332968,0.370417,0.396504,0.415429,0.420824,0.429602,0.453255,0.485977,4.79402,0.911275,1.00715,1.04947,1.03441,0.372116,0.514837,0.532308
J-275,0.235137,0.208061,0.238289,0.692784,0.695298,0.701959,0.682871,0.157506,0.221602,0.263904,0.29776,0.324791,0.346516,0.35837,0.365262,0.383921,0.389177,4.59481,0.817186,0.885679,0.9155,0.903239,0.326643,0.42966,0.451256
J-276,0.267483,0.242786,0.273573,0.732361,0.735355,0.742961,0.723859,0.198058,0.262614,0.304634,0.338057,0.364615,0.385916,0.397305,0.403693,0.42228,0.427499,5.34053,0.847203,0.920379,0.952618,0.940077,0.362524,0.4607,0.481801
J-277,0.232693,0.203296,0.233778,0.690956,0.694107,0.699868,0.677988,0.146014,0.209089,0.250973,0.284693,0.311813,0.33378,0.346088,0.353275,0.372235,0.377595,4.74245,0.808474,0.877591,0.90778,0.895501,0.3227,0.423244,0.445594
J-278,0.252611,0.226523,0.257003,0.713414,0.716218,0.723581,0.704659,0.180112,0.244836,0.287121,0.320822,0.347643,0.369147,0.380737,0.387328,0.405994,0.411243,5.08576,0.834256,0.906103,0.937597,0.925004,0.346741,0.446121,0.467137
J-28,0.434463,0.40643,0.462747,0.888041,0.89875,0.88203,0.824872,0.21258,0.312171,0.374436,0.421056,0.454556,0.478102,0.486558,0.482338,0.490519,0.433414,5.3881,1.02397,1.09985,1.12692,1.10105,0.146258,0.476821,0.588112
J-282,0.273678,0.293334,0.32254,0.886838,0.899076,0.89392,0.857001,0.21993,0.298119,0.352905,0.39006,0.415857,0.4345,0.439639,0.448254,0.471725,0.50448,4.71278,0.931188,1.02601,1.06773,1.05275,0.39111,0.534117,0.551984
J-284,56.6666,57.6531,57.6774,60.5035,60.9993,61.6257,62.4449,62.6214,64.0171,64.3156,64.3117,64.1109,63.8246,63.3987,63.1748,63.0615,63.2609,65.0626,64.2418,64.9374,65.1119,64.8524,61.3259,59.0228,58.3766
J-285,0.0645237,0.0741514,0.1176,0.713379,0.722548,0.721579,0.706282,0.0325367,0.0716511,0.105683,0.13557,0.160554,0.176998,0.185629,0.194551,0.212995,0.234772,0.260092,0.316609,0.343143,0.368206,0.390869,0.408528,0.396224,0.40136
J-289,0.249531,0.235639,0.261868,0.865742,0.876602,0.875423,0.851671,0.189693,0.244029,0.291764,0.326247,0.351723,0.37065,0.376968,0.38373,0.402631,0.430111,2.90718,0.883359,0.97104,1.00783,0.991764,0.421972,0.525569,0.530805
J-29,0.250045,0.276452,0.307672,0.886195,0.896049,0.885987,0.837091,0.207199,0.290612,0.347073,0.385221,0.411417,0.430094,0.434762,0.443,0.466095,0.497729,4.58542,0.936863,1.03509,1.07734,1.06001,0.377715,0.515773,0.535071
J-290,0.223921,0.216534,0.244213,0.785453,0.797414,0.794263,0.766433,0.126285,0.1917,0.24283,0.278889,0.30521,0.325067,0.332471,0.342472,0.365959,0.397664,3.55873,0.815324,0.893403,0.928524,0.917778,0.311162,0.468734,0.485939
J-291,4.1035,4.46619,4.52855,5.4865,5.56126,5.61939,5.65907,4.84068,5.00394,5.03945,5.03931,5.01639,4.98395,4.93421,4.90639,4.90052,4.96782,8.00184,5.39606,5.50155,5.53832,5.51893,4.86897,4.76967,4.76926
J-292,0.227774,0.197512,0.228916,0.689125,0.694754,0.699938,0.677605,0.121261,0.182149,0.223099,0.256423,0.283596,0.305887,0.318986,0.327011,0.34627,0.351846,4.1129,0.801775,0.866104,0.893898,0.882048,0.312289,0.41815,0.444458
J-293,0.266734,0.216849,0.246941,0.752551,0.752819,0.749402,0.710953,0.213739,0.281188,0.325128,0.359414,0.385866,0.406291,0.415761,0.420531,0.437003,0.439254,4.02179,0.827138,0.891282,0.919368,0.909105,0.341452,0.442324,0.463522
J-294,0.26864,0.229821,0.259799,0.76949,0.783588,0.774304,0.736547,0.188268,0.253491,0.304319,0.340554,0.366635,0.385751,0.391981,0.398535,0.419095,0.444076,4.69385,0.857929,0.947539,0.987106,0.972993,0.3031,0.456541,0.47256
J-295,0.24099,0.225566,0.25478,0.736083,0.755851,0.757087,0.730284,0.136134,0.190068,0.236795,0.27145,0.297679,0.317816,0.326437,0.333531,0.353537,0.375289,4.67401,0.779452,0.861513,0.898905,0.887887,0.247706,0.440056,0.468268
J-296,0.28876,0.247672,0.281353,0.862289,0.865888,0.835917,0.761894,0.233839,0.316519,0.373889,0.412474,0.438568,0.456878,0.460774,0.469065,0.493115,0.528207,4.85165,0.965428,1.06735,1.11102,1.09272,0.390743,0.491861,0.489583
J-297,0.289643,0.237616,0.269381,0.825187,0.831009,0.805813,0.746711,0.232387,0.31033,0.366417,0.404622,0.430696,0.449027,0.453074,0.460257,0.482796,0.514114,4.84389,0.942434,1.04219,1.08511,1.06745,0.367509,0.478939,0.478999
J-298,0.283804,0.234304,0.265111,0.802763,0.811611,0.792537,0.74315,0.219336,0.292749,0.347057,0.384603,0.410657,0.429204,0.43392,0.440827,0.462537,0.491431,4.65259,0.916617,1.01178,1.05291,1.03644,0.346712,0.472409,0.477585
J-299,0.289369,0.314102,0.3514,0.766979,0.780478,0.776777,0.748285,0.0876183,0.153569,0.199369,0.236447,0.266078,0.289659,0.303082,0.30716,0.323202,0.320805,6.0765,0.909729,0.986751,1.0174,0.997056,0.260692,0.461176,0.518991
J-3,0.00969907,0.0276629,0.0720641,0.668532,0.678026,0.677886,0.663826,-0.0119582,0.0301842,0.0693177,0.105207,0.137234,0.163783,0.179118,0.188945,0.20862,0.230005,0.238683,0.292772,0.31896,0.346075,0.371215,0.391093,0.374696,0.376053
J-30,0.433594,0.40675,0.46288,0.887438,0.898032,0.881226,0.824117,0.212993,0.312599,0.37486,0.421501,0.45506,0.47869,0.487272,0.483127,0.49154,0.433573,5.60652,1.02282,1.09953,1.12689,1.10068,0.144022,0.477201,0.587954
J-300,1.30616,1.42435,1.46076,2.04442,2.06966,2.08295,2.07883,1.43157,1.50934,1.54786,1.57323,1.58884,1.59833,1.59628,1.59666,1.61003,1.64917,4.09244,2.04535,2.11569,2.1465,2.13678,1.64607,1.68944,1.69938
J-301,0.266798,0.245531,0.277816,0.744229,0.758899,0.754167,0.720746,0.161068,0.2227,0.268296,0.303229,0.329984,0.350716,0.360471,0.366649,0.385595,0.401261,5.22748,0.819969,0.898989,0.93374,0.919862,0.237563,0.431873,0.473952
J-302,0.295689,0.243814,0.275103,0.832559,0.837862,0.809982,0.756216,0.24284,0.323988,0.380928,0.419425,0.445428,0.463533,0.467142,0.474393,0.497092,0.529119,4.68287,0.962443,1.06235,1.10496,1.0867,0.381941,0.488637,0.487481
J-303,0.271093,0.232435,0.262496,0.772541,0.786664,0.777415,0.739553,0.191049,0.256184,0.306945,0.343131,0.369162,0.388245,0.394454,0.400978,0.421517,0.446498,4.72497,0.859575,0.949331,0.989028,0.97498,0.305424,0.458889,0.474922
J-304,0.286483,0.251622,0.285293,0.875178,0.876831,0.843687,0.767157,0.231873,0.31551,0.372759,0.411185,0.437176,0.45556,0.459707,0.468651,0.493208,0.529408,4.71467,0.971137,1.07201,1.11512,1.09693,0.397306,0.497083,0.494761
J-305,0.282658,0.251031,0.286394,0.878458,0.880739,0.849617,0.769543,0.226311,0.309756,0.367023,0.405451,0.431514,0.450004,0.454333,0.463488,0.488339,0.525005,4.84675,0.963989,1.06591,1.10967,1.09156,0.391717,0.492667,0.49349
J-306,0.280249,0.249533,0.285338,0.87274,0.875563,0.845604,0.768413,0.222057,0.30476,0.361813,0.400196,0.42629,0.444842,0.449291,0.458475,0.483276,0.519716,4.7249,0.960321,1.06084,1.10388,1.08586,0.387948,0.489777,0.493347
J-307,0.191788,0.140938,0.186307,0.729864,0.740149,0.741695,0.733181,0.0840137,0.139621,0.18264,0.219986,0.251868,0.277524,0.290528,0.298981,0.318074,0.309404,0.348293,0.420072,0.455967,0.485221,0.506552,0.459877,0.472745,0.482466
J-308,0.306884,0.254938,0.299404,0.861249,0.875322,0.882843,0.882937,0.240697,0.311736,0.358911,0.397122,0.427637,0.450959,0.460082,0.466953,0.485501,0.478607,0.524333,0.60476,0.651032,0.683004,0.699801,0.610413,0.598674,0.601815
J-309,0.278033,0.201668,0.23172,0.780962,0.788778,0.782455,0.752977,0.14907,0.198729,0.242665,0.276241,0.302464,0.323022,0.33267,0.340607,0.35985,0.38765,3.2932,0.775224,0.845955,0.87847,0.869934,0.356246,0.459226,0.476324
J-31,0.241784,0.258314,0.287225,0.84719,0.858799,0.853119,0.815641,0.1812,0.259454,0.314544,0.352139,0.37842,0.397514,0.403108,0.4122,0.435888,0.468484,4.3399,0.901066,0.993411,1.03371,1.01853,0.357597,0.501825,0.519851
J-310,0.426095,0.242259,0.27326,0.810051,0.821808,0.82217,0.803432,0.182485,0.207807,0.259106,0.293137,0.31881,0.338661,0.346696,0.356484,0.377388,0.417455,2.46198,0.811859,0.880182,0.911803,0.904419,0.43618,0.5045,0.515429
J-311,0.325826,0.290107,0.320677,0.896941,0.897957,0.865041,0.811211,0.282911,0.36941,0.426991,0.465385,0.490874,0.508419,0.511294,0.519037,0.541973,0.575555,3.98228,1.0239,1.11909,1.15875,1.14023,0.435555,0.542557,0.541159
J-312,0.315641,0.346388,0.374948,0.863799,0.87641,0.879293,0.866025,0.267832,0.327585,0.369465,0.40287,0.42918,0.449947,0.460163,0.468134,0.487302,0.519351,3.02908,0.914988,0.980723,1.01161,1.00254,0.534821,0.60677,0.616126
J-313,0.216162,0.191652,0.219323,0.739152,0.751934,0.75074,0.727207,0.103954,0.156504,0.204853,0.240084,0.266492,0.286977,0.295812,0.306792,0.329996,0.360147,3.46268,0.779685,0.854014,0.887949,0.878625,0.311559,0.44325,0.459268
J-314,0.301573,0.271866,0.303214,0.891162,0.892433,0.859075,0.793371,0.256885,0.345227,0.403151,0.44169,0.467422,0.485405,0.488953,0.498066,0.522386,0.558529,3.99414,1.0125,1.10868,1.14879,1.13007,0.427685,0.526226,0.523429
J-315,0.236233,0.219415,0.248116,0.726625,0.748098,0.751422,0.727414,0.131425,0.184355,0.231192,0.265839,0.292093,0.312306,0.321017,0.328415,0.348736,0.371429,4.60745,0.776829,0.858054,0.895201,0.884513,0.256893,0.439264,0.464824
J-316,0.233428,0.183265,0.212929,0.753923,0.763398,0.758613,0.730397,0.120526,0.161149,0.20339,0.236652,0.262732,0.283039,0.292188,0.300338,0.321496,0.356451,3.30146,0.772556,0.844442,0.87793,0.869677,0.340645,0.439051,0.457774
J-317,0.16245,0.113239,0.159298,0.699163,0.708055,0.707278,0.695195,0.0402999,0.0896371,0.130761,0.167503,0.199636,0.225972,0.240284,0.249283,0.268508,0.259355,0.295821,0.364175,0.396097,0.424291,0.447375,0.417747,0.439907,0.452911
J-318,0.194878,0.168703,0.214282,0.758319,0.767237,0.765913,0.752388,0.084044,0.133982,0.174943,0.211161,0.242588,0.268172,0.281747,0.290517,0.309604,0.325727,0.348112,0.408262,0.439538,0.46783,0.490804,0.481798,0.500447,0.509909
J-319,0.15266,0.125013,0.170045,0.70633,0.714442,0.712393,0.69843,0.0350043,0.0839005,0.124986,0.161688,0.193772,0.220074,0.234444,0.243524,0.26288,0.279124,0.299931,0.359034,0.389063,0.417093,0.440551,0.435743,0.456129,0.465122
J-32,0.752363,0.648989,0.682277,1.32456,1.3392,1.34062,1.32166,0.638617,0.703548,0.752392,0.784854,0.806988,0.822844,0.826179,0.835216,0.856988,0.878045,2.85828,1.26443,1.33468,1.3669,1.36079,0.909119,0.955885,0.956867
J-320,4.26008,4.54568,4.5832,5.49197,5.58601,5.6895,5.80798,5.20152,5.49437,5.57786,5.60102,5.5837,5.54783,5.4807,5.44829,5.44554,5.52317,8.35132,6.06316,6.24802,6.30653,6.24985,5.25438,4.96075,4.88523
J-321,0.119702,0.160434,0.210375,0.390997,0.433082,0.467151,0.491213,-0.0373944,0.0377263,0.0965181,0.14786,0.193258,0.233952,0.268391,0.289199,0.320992,0.3436,6.17138,0.906382,0.967141,0.986809,0.960126,0.0861657,0.241261,0.316302
J-322,0.268292,0.232815,0.260286,0.783836,0.796701,0.79601,0.774273,0.151457,0.203198,0.251894,0.28749,0.313652,0.333713,0.341809,0.352744,0.375884,0.409074,3.26502,0.834849,0.909014,0.942416,0.932423,0.365156,0.488586,0.503386
J-323,0.311327,0.282961,0.314154,0.903,0.904229,0.870715,0.806221,0.268317,0.356751,0.414508,0.452899,0.478473,0.496335,0.499778,0.508866,0.533067,0.569147,3.91693,1.02396,1.11925,1.15892,1.14033,0.439065,0.537965,0.535487
J-324,0.240821,0.259592,0.290247,0.775904,0.786647,0.786668,0.770683,0.116337,0.164281,0.202272,0.234061,0.261018,0.28397,0.298286,0.310932,0.333852,0.383602,2.37262,0.72884,0.778151,0.804146,0.803658,0.469387,0.520736,0.532089
J-325,0.231503,0.250459,0.281418,0.773006,0.783566,0.783604,0.767818,0.108835,0.153507,0.192844,0.225142,0.252121,0.274767,0.288108,0.300642,0.323629,0.379224,2.21566,0.707701,0.757471,0.784184,0.784718,0.470995,0.516,0.526197
J-327,0.28027,0.25302,0.280014,0.888628,0.894002,0.883927,0.850862,0.182909,0.233717,0.281846,0.316775,0.342522,0.362049,0.369367,0.379768,0.404146,0.438563,3.36824,0.89543,0.985053,1.02291,1.00678,0.396576,0.52533,0.535249
J-328,0.219955,0.195893,0.223911,0.756801,0.768742,0.766175,0.740131,0.119719,0.179209,0.228132,0.263307,0.289494,0.309475,0.317454,0.326609,0.348653,0.377733,3.43936,0.789344,0.864367,0.898479,0.888761,0.312341,0.44937,0.466061
J-329,0.244106,0.207476,0.235076,0.764878,0.776429,0.775015,0.75203,0.130123,0.183113,0.231602,0.266852,0.293182,0.313332,0.321543,0.330822,0.352798,0.387926,3.32116,0.814435,0.89028,0.924525,0.914163,0.356728,0.465768,0.479851
J-33,0.293542,0.22124,0.260005,0.888737,0.886553,0.865002,0.803608,0.26235,0.318368,0.361856,0.395629,0.421227,0.439908,0.446223,0.446312,0.457477,0.447915,3.7466,0.817834,0.888112,0.919383,0.909748,0.352716,0.447727,0.496327
J-330,0.23076,0.206209,0.233571,0.761421,0.773341,0.771305,0.747646,0.136187,0.199427,0.251459,0.288178,0.314588,0.334236,0.340952,0.350452,0.373343,0.404804,3.31278,0.807914,0.882744,0.916679,0.90683,0.328298,0.462653,0.476546
J-331,2.17636,2.27773,2.32833,3.08031,3.11128,3.11492,3.08289,2.32251,2.37855,2.40904,2.42201,2.42485,2.4226,2.40972,2.40489,2.41468,2.45024,5.32133,2.81317,2.86894,2.89533,2.89759,2.3786,2.51508,2.55223
J-332,0.268179,0.248773,0.281018,0.746011,0.760983,0.756553,0.723651,0.162775,0.224005,0.269396,0.304211,0.33092,0.351666,0.361493,0.367697,0.3867,0.40248,5.325,0.820889,0.900298,0.935267,0.921427,0.24018,0.434778,0.476476
J-333,0.0492204,0.0469019,0.0904727,0.676046,0.685551,0.685154,0.670586,-0.00951946,0.0355089,0.0753642,0.111356,0.143134,0.169328,0.184153,0.194123,0.214044,0.241968,0.248007,0.29829,0.327862,0.355589,0.379518,0.400051,0.387404,0.389782
J-334,0.224501,0.204476,0.231573,0.766324,0.776586,0.772792,0.747712,0.128933,0.182395,0.230993,0.266352,0.2926,0.312636,0.320551,0.33121,0.35592,0.389467,3.31853,0.810839,0.886683,0.920859,0.910691,0.329268,0.462514,0.475471
J-335,0.308981,0.277332,0.311194,0.904797,0.906654,0.874466,0.799234,0.263407,0.349745,0.40744,0.445808,0.471454,0.489385,0.492928,0.501708,0.5262,0.562867,4.65694,1.00689,1.10801,1.15091,1.13226,0.427882,0.52496,0.522331
J-336,0.372447,0.191022,0.221239,0.750739,0.761845,0.76189,0.743248,0.125231,0.144534,0.195537,0.229832,0.256028,0.276553,0.285425,0.295404,0.316604,0.362995,2.63597,0.752569,0.822366,0.854829,0.847422,0.381844,0.449298,0.460901
J-337,0.388882,0.19956,0.229491,0.771674,0.782137,0.781249,0.761244,0.129813,0.148518,0.200863,0.235712,0.261869,0.282237,0.290441,0.30048,0.322163,0.368621,2.74932,0.769202,0.841905,0.875441,0.86692,0.392225,0.461907,0.473568
J-338,0.248416,0.247343,0.300662,0.574484,0.603577,0.616439,0.606695,0.0794933,0.169495,0.231518,0.281981,0.323151,0.357394,0.381737,0.393466,0.417409,0.413574,6.13953,0.958359,1.02643,1.04918,1.02161,0.0998328,0.319554,0.411107
J-339,0.259485,0.259016,0.312434,0.586775,0.61607,0.629098,0.619524,0.0919106,0.181853,0.24372,0.294017,0.33503,0.369137,0.393345,0.404932,0.428794,0.424989,6.27257,0.968195,1.03654,1.05943,1.03185,0.110813,0.330822,0.422308
J-34,8.26723,8.70863,8.82081,10.2714,10.3683,10.4123,10.3961,9.28747,9.38618,9.37311,9.32447,9.25714,9.18471,9.10132,9.04624,9.01272,9.07052,11.9096,9.37823,9.42921,9.44741,9.46213,8.95575,8.95586,9.02508
J-340,0.263564,0.212599,0.242708,0.74857,0.748432,0.744888,0.705713,0.211159,0.278444,0.322375,0.356686,0.38319,0.403641,0.413129,0.417838,0.434267,0.436246,4.04914,0.821994,0.886028,0.914112,0.903913,0.33674,0.437808,0.459121
J-341,0.250239,0.23607,0.26228,0.866811,0.877647,0.876498,0.852814,0.190114,0.244663,0.292486,0.327031,0.3525,0.371419,0.377702,0.384529,0.403494,0.431042,2.88705,0.885112,0.972903,1.0097,0.993562,0.423181,0.526411,0.531533
J-342,0.253677,0.239457,0.265576,0.869111,0.880133,0.879298,0.856138,0.195798,0.251159,0.299146,0.333724,0.359163,0.377997,0.384138,0.390857,0.409729,0.437252,2.87983,0.890518,0.978388,1.0152,0.998975,0.427513,0.529899,0.534788
J-343,0.292408,0.325547,0.355802,0.8299,0.842219,0.844109,0.829501,0.189011,0.243667,0.280699,0.311989,0.338499,0.361129,0.375666,0.387384,0.40985,0.448587,3.24672,0.838663,0.895989,0.923825,0.918859,0.508015,0.57366,0.586821
J-344,0.289466,0.310229,0.340839,0.815562,0.826862,0.827572,0.810162,0.158615,0.212242,0.248849,0.280086,0.306894,0.330128,0.345818,0.35842,0.381612,0.417827,3.3701,0.836363,0.894026,0.921284,0.914733,0.476329,0.552728,0.569357
J-345,0.233448,0.162306,0.191639,0.743505,0.753391,0.749771,0.724037,0.108921,0.15346,0.198832,0.23284,0.259008,0.279317,0.288198,0.296781,0.316662,0.344356,2.91945,0.745184,0.814745,0.846904,0.839308,0.331162,0.4313,0.446868
J-346,0.267569,0.288485,0.318851,0.793785,0.805288,0.806008,0.789807,0.143329,0.195394,0.232013,0.26324,0.290064,0.313222,0.328584,0.341078,0.364066,0.403645,3.05988,0.792201,0.846726,0.873603,0.869491,0.470357,0.537246,0.551262
J-347,0.285499,0.242721,0.278008,0.857047,0.860237,0.830515,0.755701,0.227346,0.308952,0.366043,0.404528,0.430653,0.449085,0.453212,0.461559,0.485608,0.520478,4.94439,0.954147,1.05658,1.10067,1.08256,0.38132,0.483903,0.483069
J-348,0.210022,0.208813,0.240627,0.743736,0.75421,0.754602,0.740102,0.0831873,0.119412,0.162054,0.195835,0.223102,0.245221,0.25635,0.267644,0.290108,0.355218,1.93861,0.629283,0.675621,0.702668,0.707607,0.455485,0.48398,0.490847
J-349,0.286645,0.211196,0.244614,0.779304,0.77837,0.76758,0.720851,0.233828,0.300317,0.344446,0.378644,0.404712,0.424434,0.432688,0.436335,0.451208,0.450233,3.36911,0.833575,0.898175,0.926105,0.915239,0.347895,0.435311,0.466441
J-35,0.00341373,0.0243209,0.0692894,0.668994,0.678444,0.678346,0.664348,-0.0125983,0.0291293,0.0684291,0.104637,0.137078,0.164157,0.17978,0.189472,0.209168,0.229999,0.238559,0.292453,0.318957,0.346176,0.371123,0.391777,0.374139,0.374796
J-350,0.27833,0.231719,0.26188,0.766305,0.767462,0.764529,0.72726,0.2242,0.291404,0.335114,0.369184,0.395462,0.41574,0.425141,0.430024,0.44646,0.449141,3.83774,0.84192,0.904685,0.932062,0.922116,0.355207,0.458081,0.479631
J-351,0.249734,0.195689,0.228953,0.841699,0.844832,0.829071,0.781862,0.200547,0.249629,0.293253,0.326811,0.352641,0.372122,0.379877,0.383464,0.398389,0.416395,3.64184,0.777317,0.85223,0.886412,0.876081,0.342096,0.440794,0.474571
J-353,0.363426,0.23829,0.267751,0.870045,0.881785,0.882623,0.865687,0.208482,0.276893,0.329739,0.366326,0.392412,0.411857,0.418304,0.429777,0.453721,0.473741,2.35811,0.867032,0.939046,0.971917,0.964119,0.502879,0.548071,0.543602
J-354,0.231411,0.210364,0.238449,0.736837,0.754105,0.754587,0.729912,0.120111,0.170898,0.218442,0.25325,0.279601,0.299924,0.308698,0.316731,0.337846,0.362878,4.78049,0.768431,0.851434,0.89011,0.880406,0.268249,0.437565,0.458764
J-355,0.277055,0.20933,0.235039,0.83824,0.849982,0.851995,0.836519,0.159601,0.237299,0.293035,0.331155,0.357786,0.37724,0.38289,0.393593,0.417576,0.446868,2.74486,0.875421,0.959775,0.99622,0.98295,0.459671,0.516504,0.514219
J-356,0.215587,0.215674,0.247602,0.752034,0.762482,0.762877,0.748268,0.0898158,0.126201,0.168676,0.202391,0.229583,0.251635,0.2627,0.274022,0.296414,0.361847,1.88344,0.635517,0.681223,0.707974,0.712977,0.463065,0.491481,0.498519
J-357,8.00286,8.23043,8.27139,9.60588,9.74259,9.89524,10.0744,9.41319,9.8434,9.95978,9.97782,9.93273,9.86006,9.74093,9.68425,9.66889,9.74838,12.0828,10.3795,10.6448,10.7239,10.6397,9.28952,8.78973,8.65428
J-36,0.533648,0.520809,0.576751,1.05829,1.06529,1.04253,0.975028,0.278875,0.373417,0.432398,0.475608,0.505189,0.524001,0.526161,0.514762,0.514314,0.465337,4.54806,1.11163,1.18825,1.21638,1.19278,0.24647,0.600245,0.71364
J-360,0.539054,0.268689,0.297875,0.848817,0.85865,0.859685,0.844993,0.134591,0.156673,0.205103,0.244221,0.271061,0.290054,0.294955,0.305481,0.329455,0.445911,2.47148,0.855896,0.937513,0.973175,0.960641,0.493567,0.536454,0.544285
J-361,0.571223,0.253224,0.28258,0.835582,0.844701,0.844219,0.826512,0.152621,0.172802,0.216154,0.249282,0.275354,0.295889,0.305758,0.315477,0.33561,0.422278,2.55535,0.847655,0.931873,0.968092,0.954246,0.455836,0.513061,0.524277
J-362,0.559902,0.545278,0.564971,1.19975,1.22469,1.24737,1.26082,0.653535,0.763857,0.828952,0.86895,0.891628,0.9039,0.897614,0.898737,0.916495,0.950948,4.18211,1.44479,1.57116,1.61972,1.58947,0.871525,0.880205,0.853199
J-363,0.158621,0.167359,0.202613,0.722266,0.73214,0.732367,0.718521,0.0505705,0.0927591,0.130909,0.164225,0.193322,0.21744,0.230927,0.24142,0.261656,0.330004,1.22319,0.484349,0.519643,0.546435,0.562472,0.454693,0.459649,0.464518
J-364,0.451701,0.497822,0.529132,0.971537,0.981279,0.977682,0.956776,0.457256,0.451096,0.432898,0.407576,0.374148,0.326478,0.246795,0.330588,0.369676,0.399341,0.43889,0.517588,0.546845,0.559452,0.568409,0.582534,0.621614,0.665521
J-365,0.429578,0.47182,0.502789,0.94191,0.951248,0.947262,0.926108,0.428066,0.421312,0.40303,0.377776,0.34451,0.297043,0.217713,0.301611,0.340847,0.370567,0.409553,0.487617,0.516367,0.528825,0.537943,0.553759,0.5935,0.63735
J-366,0.247439,0.270298,0.300359,0.871005,0.881755,0.873846,0.830284,0.197693,0.279443,0.33549,0.373486,0.399719,0.418556,0.423552,0.43217,0.455547,0.487695,4.44802,0.925914,1.02165,1.06294,1.04632,0.371548,0.511864,0.530558
J-367,0.24875,0.271644,0.301687,0.872635,0.883437,0.875606,0.832195,0.199484,0.281415,0.337508,0.375512,0.401734,0.420542,0.425504,0.434107,0.457476,0.489644,4.46306,0.927419,1.0234,1.06484,1.04823,0.373248,0.513162,0.531741
J-368,0.351441,0.300964,0.345885,0.915365,0.930046,0.937988,0.938325,0.291553,0.363636,0.410709,0.448507,0.478411,0.50109,0.509499,0.515994,0.534294,0.52749,0.574538,0.656086,0.703427,0.73565,0.752012,0.658894,0.645306,0.648592
J-369,0.581624,0.262255,0.291193,0.846307,0.855698,0.855921,0.839534,0.153787,0.166219,0.210065,0.245111,0.271419,0.29127,0.299587,0.309603,0.331001,0.440162,2.52273,0.865755,0.951164,0.987603,0.973173,0.472439,0.524758,0.534479
J-37,0.436012,0.451198,0.5012,0.982766,0.987352,0.96453,0.901073,0.171083,0.255765,0.311209,0.353237,0.383493,0.404146,0.40978,0.401487,0.405286,0.342141,6.36055,0.998478,1.08263,1.11444,1.08933,0.197497,0.549175,0.646249
J-370,0.144885,0.151961,0.188387,0.715142,0.724987,0.725569,0.712646,0.0408844,0.0829944,0.120673,0.154708,0.185079,0.210291,0.224693,0.234575,0.254222,0.32507,0.337339,0.432663,0.465577,0.493326,0.513888,0.451726,0.449173,0.452914
J-371,0.170602,0.181521,0.217937,0.748547,0.75907,0.760455,0.748654,0.0762121,0.120647,0.158837,0.192861,0.222877,0.247604,0.261276,0.270906,0.290382,0.362154,0.375666,0.472046,0.506485,0.534621,0.554565,0.486365,0.480698,0.483729
J-372,0.143272,0.148544,0.185067,0.711366,0.721168,0.721528,0.70824,0.0368738,0.0781491,0.115528,0.149421,0.179763,0.204995,0.219455,0.229403,0.248948,0.31955,0.979909,0.425499,0.457732,0.48529,0.506193,0.447061,0.445677,0.449993
J-373,0.239908,0.227392,0.255488,0.785451,0.798519,0.795998,0.768582,0.145133,0.205666,0.255756,0.291239,0.317321,0.337061,0.344619,0.354047,0.377067,0.407464,3.9134,0.811645,0.889789,0.925548,0.915831,0.304554,0.471551,0.490128
J-374,0.189039,0.0754445,0.113569,0.735985,0.745887,0.746885,0.733855,0.0576354,0.124484,0.169067,0.2051,0.234241,0.25741,0.268536,0.279317,0.301281,0.314523,1.27224,0.504461,0.559909,0.593605,0.604416,0.440474,0.421071,0.413202
J-375,0.176171,0.0701598,0.108638,0.71703,0.727058,0.727742,0.714014,0.0496336,0.111708,0.154991,0.190395,0.219384,0.24258,0.25406,0.264632,0.286153,0.299774,1.28818,0.483879,0.536211,0.568897,0.580657,0.422356,0.409009,0.403377
J-376,0.307926,0.332829,0.364669,0.960991,0.972384,0.963641,0.913657,0.312567,0.413138,0.474622,0.514516,0.540112,0.557022,0.558173,0.564535,0.586653,0.61842,4.6082,1.07249,1.18045,1.22497,1.20277,0.471816,0.583419,0.595497
J-377,0.310701,0.336234,0.368097,0.96464,0.976071,0.967434,0.917529,0.316067,0.416511,0.477918,0.517753,0.543292,0.560176,0.561275,0.567584,0.589672,0.621438,4.67966,1.07444,1.18286,1.22765,1.2055,0.474656,0.586227,0.598335
J-378,0.913651,0.623779,0.65569,1.24478,1.25795,1.26065,1.24553,0.555021,0.578706,0.621349,0.652024,0.67449,0.691105,0.696569,0.703573,0.721864,0.812653,3.03418,1.23728,1.32425,1.36108,1.34684,0.838434,0.884915,0.896115
J-379,0.226501,0.177954,0.223682,0.773149,0.783785,0.785537,0.777035,0.124017,0.180361,0.223235,0.26022,0.291625,0.316789,0.329276,0.337355,0.35626,0.347204,0.387309,0.4601,0.49681,0.526268,0.547282,0.497519,0.510128,0.519628
J-38,2.81687,2.7228,2.71758,3.31836,3.45569,3.65224,3.91983,3.84803,4.42587,4.62908,4.71766,4.72474,4.6892,4.58714,4.52964,4.51745,4.50008,9.94793,5.46988,5.82415,5.92678,5.78376,3.62699,3.22206,3.06129
J-380,0.528913,0.556132,0.587736,1.0148,1.02376,1.01732,0.991211,0.505026,0.483899,0.451391,0.410266,0.357064,0.273141,0.302489,0.337818,0.354952,0.377661,0.378085,0.465447,0.487595,0.491571,0.501681,0.573128,0.641847,0.697988
J-381,0.195987,0.203353,0.236521,0.748084,0.75821,0.758529,0.744577,0.0796963,0.12108,0.161907,0.19534,0.223229,0.246115,0.258256,0.269163,0.290872,0.35826,1.75554,0.580026,0.623827,0.65178,0.661246,0.469639,0.485057,0.490157
J-382,0.216515,0.214629,0.246226,0.750304,0.761037,0.761965,0.748186,0.0857182,0.121969,0.164604,0.198381,0.22556,0.247549,0.258511,0.269813,0.29237,0.361414,1.9005,0.640432,0.687079,0.714048,0.718507,0.463841,0.491359,0.497669
J-383,0.148838,0.157899,0.194171,0.721697,0.731673,0.732481,0.720111,0.0478231,0.0911139,0.12919,0.163387,0.193765,0.218936,0.233211,0.243011,0.262746,0.333991,0.346794,0.443695,0.477571,0.505577,0.525671,0.459453,0.455253,0.458262
J-384,0.141281,0.143729,0.180429,0.706192,0.715879,0.716027,0.70226,0.03143,0.0715686,0.108567,0.142309,0.172634,0.19791,0.212486,0.222499,0.241944,0.312088,0.948092,0.417813,0.448711,0.475668,0.496725,0.441144,0.441044,0.445903
J-385,0.145032,0.150453,0.187068,0.713914,0.723731,0.724064,0.710745,0.0390572,0.0803474,0.117691,0.151557,0.181859,0.207039,0.221435,0.231391,0.250917,0.321667,0.972971,0.428738,0.46073,0.488081,0.508848,0.449617,0.448275,0.452656
J-386,3.13014,3.33471,3.39691,4.32444,4.37647,4.39707,4.37831,3.52627,3.61305,3.64057,3.6419,3.62822,3.60811,3.57516,3.55736,3.55781,3.59907,7.05455,3.97779,4.05285,4.08392,4.08165,3.4793,3.584,3.62093
J-387,0.280109,0.245804,0.273818,0.807973,0.819974,0.818776,0.795854,0.171702,0.224785,0.272836,0.307657,0.333552,0.353293,0.361134,0.370009,0.391573,0.426766,3.51041,0.850423,0.927228,0.961991,0.951817,0.394885,0.502968,0.51704
J-388,0.200313,0.0809025,0.120386,0.743547,0.753699,0.755071,0.742806,0.0666125,0.131253,0.176287,0.212752,0.242113,0.26539,0.27643,0.287297,0.309368,0.32146,1.19425,0.505001,0.55965,0.593247,0.604747,0.451459,0.427196,0.418712
J-389,0.245974,0.129326,0.169352,0.79835,0.809073,0.810892,0.798915,0.119953,0.18497,0.229403,0.265282,0.294023,0.316598,0.326801,0.337556,0.359441,0.37168,1.16748,0.564935,0.618865,0.651421,0.66169,0.503673,0.477934,0.470433
J-390,0.255972,0.139876,0.179852,0.811207,0.822106,0.823998,0.81212,0.131115,0.196914,0.24177,0.277743,0.3064,0.32892,0.339128,0.349551,0.371298,0.383609,1.25333,0.569349,0.624982,0.658792,0.669888,0.51273,0.4866,0.478176
J-391,0.20963,0.208813,0.240717,0.744618,0.755042,0.755437,0.74087,0.0829294,0.119339,0.161873,0.195647,0.222882,0.244993,0.25607,0.267464,0.289879,0.355301,1.86146,0.629339,0.674969,0.701642,0.706602,0.456557,0.484984,0.491988
J-393,0.266602,0.288167,0.319546,0.816337,0.827219,0.827345,0.811542,0.149534,0.193593,0.232945,0.265011,0.291597,0.313817,0.32658,0.33882,0.361541,0.418457,2.20633,0.742343,0.791587,0.818156,0.819116,0.511355,0.554718,0.56496
J-394,2.79709,2.98682,3.05105,3.97126,4.03022,4.05673,4.04358,3.22496,3.31107,3.33853,3.33834,3.32243,3.2998,3.26397,3.24304,3.24086,3.28002,7.48215,3.64475,3.72212,3.75507,3.75454,3.12547,3.225,3.26355
J-395,0.42384,0.255053,0.283539,0.825256,0.833875,0.830817,0.809927,0.275683,0.311795,0.353832,0.386408,0.41215,0.432048,0.440798,0.446088,0.461775,0.45863,2.86395,0.867778,0.933568,0.965176,0.956921,0.467267,0.532685,0.539208
J-396,0.16186,0.176286,0.21335,0.749683,0.759631,0.760356,0.747609,0.0645085,0.109926,0.148427,0.182961,0.213519,0.238717,0.252795,0.262565,0.282319,0.354465,0.366904,0.455062,0.488792,0.516752,0.537185,0.483914,0.477906,0.480873
J-397,21.1261,21.8878,21.9686,24.1932,24.4796,24.798,25.1799,24.5758,25.3457,25.4992,25.4727,25.3307,25.1406,24.8715,24.7239,24.6466,24.7756,27.1439,25.5288,25.9496,26.0615,25.9188,23.7782,22.6742,22.4189
J-398,8.66426,8.8716,8.93058,10.1758,10.2917,10.4049,10.5209,9.79534,10.083,10.1654,10.1689,10.1247,10.0603,9.96071,9.91035,9.8932,9.97085,12.0423,10.4924,10.6848,10.7437,10.6902,9.64721,9.30511,9.23432
J-399,0.193091,0.079812,0.118,0.741057,0.751004,0.751956,0.738879,0.062123,0.12894,0.17346,0.209428,0.238519,0.261643,0.272719,0.283477,0.305413,0.318655,1.27659,0.508884,0.564279,0.597927,0.608723,0.4448,0.425454,0.417654
J-4,0.168318,0.0619444,0.101726,0.711088,0.721112,0.721793,0.708261,0.042769,0.103186,0.145871,0.181273,0.210551,0.234074,0.245925,0.25644,0.277694,0.291343,1.13282,0.458157,0.507744,0.539909,0.553467,0.420146,0.404171,0.398834
J-40,34.3469,34.9207,35.121,37.3948,38.1397,38.9653,39.9126,40.1262,41.158,41.2734,41.129,40.8149,40.427,39.9242,39.5871,39.3527,39.3725,43.9353,39.6532,39.9987,40.0679,39.9889,37.4142,35.7366,35.4141
J-400,0.3073,0.309269,0.336494,0.94914,0.95931,0.955118,0.926602,0.246693,0.303985,0.351727,0.385755,0.410601,0.428915,0.434757,0.441086,0.459527,0.486218,3.3845,0.945016,1.0333,1.07081,1.05565,0.472144,0.591285,0.599422
J-401,0.116135,0.159699,0.202043,0.258129,0.301428,0.344822,0.388878,0.417249,0.457497,0.487753,0.512769,0.532129,0.544082,0.534945,0.495292,0.521465,0.548348,0.574529,0.62517,0.660474,0.688935,0.710077,0.703338,0.710894,0.729716
J-402,0.0148848,0.0281508,0.073309,0.671115,0.680621,0.680507,0.666804,-0.00783046,0.0350576,0.0746389,0.110822,0.143051,0.169841,0.185057,0.194796,0.214484,0.23112,0.242186,0.298023,0.325814,0.353303,0.377757,0.39276,0.376409,0.378391
J-406,0.446651,0.23791,0.267081,0.811787,0.818109,0.811954,0.787029,0.263275,0.283569,0.322406,0.353824,0.379711,0.400168,0.410168,0.414836,0.429178,0.423041,2.88905,0.829342,0.897914,0.930476,0.921405,0.437588,0.509422,0.518643
J-407,0.362669,0.466524,0.496053,1.0558,1.06808,1.07311,1.0637,0.332966,0.41429,0.469217,0.507536,0.533258,0.550029,0.550237,0.552926,0.569557,0.614207,2.08138,0.927193,0.992496,1.02496,1.02149,0.750317,0.767566,0.764066
J-408,0.365113,0.470316,0.499936,1.06032,1.0726,1.07752,1.06788,0.337638,0.418906,0.47378,0.512061,0.537741,0.554497,0.554683,0.557456,0.574057,0.618175,2.0577,0.930926,0.995988,1.02831,1.0248,0.753174,0.771354,0.768155
J-409,0.368628,0.46574,0.495068,1.05462,1.06725,1.07293,1.06494,0.326745,0.40912,0.464552,0.503032,0.52875,0.545404,0.54538,0.547523,0.564272,0.614539,2.31931,0.926719,0.995027,1.02924,1.02603,0.754702,0.765207,0.759966
J-41,0.73068,0.735768,0.788708,1.28907,1.30437,1.29427,1.24576,0.561719,0.674043,0.735924,0.778206,0.804534,0.819417,0.816476,0.80311,0.804048,0.733745,6.91451,1.39487,1.4905,1.5249,1.495,0.494859,0.838257,0.93291
J-410,0.464373,0.578031,0.607879,1.17871,1.19263,1.19951,1.19256,0.459613,0.546426,0.60254,0.640744,0.665479,0.680911,0.679227,0.680966,0.697098,0.74333,2.21662,1.06088,1.12988,1.16334,1.1584,0.872535,0.882048,0.876893
J-411,6.53316,7.0005,7.0613,8.19922,8.3139,8.4257,8.53941,7.78363,8.07551,8.13995,8.14012,8.09849,8.03914,7.94961,7.90107,7.884,7.97054,10.682,8.47795,8.65168,8.70485,8.6564,7.69527,7.39942,7.34539
J-412,0.431343,0.249036,0.279981,0.816658,0.828434,0.828959,0.810386,0.189216,0.213711,0.265096,0.2991,0.324701,0.344509,0.352494,0.36219,0.38306,0.424097,2.54878,0.817276,0.886216,0.918141,0.91073,0.44256,0.509859,0.520794
J-413,0.546899,0.277333,0.306604,0.858337,0.868195,0.869217,0.854445,0.143293,0.165578,0.213808,0.252774,0.279525,0.298458,0.303347,0.313843,0.33771,0.454139,2.46561,0.864386,0.945758,0.981301,0.968783,0.501833,0.54511,0.553095
J-414,0.338109,0.43418,0.463765,1.0201,1.03179,1.03607,1.02586,0.287165,0.366079,0.420607,0.458899,0.484921,0.502101,0.502952,0.505604,0.522462,0.570839,2.21596,0.880644,0.946392,0.979732,0.977257,0.714517,0.73139,0.728079
J-415,0.367636,0.475885,0.506819,1.06845,1.07939,1.08151,1.06724,0.324255,0.397788,0.449952,0.487032,0.512561,0.529677,0.53106,0.534152,0.550692,0.594748,2.05932,0.901662,0.962253,0.993415,0.992047,0.741233,0.77029,0.771272
J-416,0.41224,0.369584,0.401732,0.991129,0.997638,0.987083,0.949363,0.30691,0.352841,0.394542,0.426298,0.450852,0.469564,0.477221,0.482181,0.498519,0.519299,3.34569,0.930815,0.9987,1.03121,1.02228,0.525583,0.626157,0.645712
J-417,0.294085,0.319752,0.352208,0.947396,0.957767,0.947303,0.894498,0.287885,0.383979,0.444039,0.483424,0.509128,0.526441,0.528449,0.535178,0.557351,0.588658,4.57018,1.03945,1.14476,1.18855,1.16751,0.448066,0.566568,0.581071
J-418,23.5509,24.2734,24.3421,26.4974,26.7874,27.1193,27.5269,27.025,27.8303,27.9985,27.9809,27.8432,27.655,27.3841,27.2373,27.1623,27.292,29.4199,28.0709,28.5125,28.6298,28.4754,26.2495,25.0871,24.8059
J-419,0.255591,0.149698,0.188076,0.807102,0.82006,0.82563,0.819372,0.163867,0.237557,0.284076,0.320467,0.348841,0.370619,0.379383,0.388807,0.409684,0.424758,1.2418,0.611235,0.668178,0.701702,0.710815,0.5379,0.503238,0.491799
J-42,3.08614,2.99402,2.98799,3.61047,3.75959,3.97209,4.26127,4.22011,4.82424,5.0331,5.12145,5.1244,5.08303,4.97244,4.9102,4.89544,4.8786,10.5088,5.85559,6.22305,6.3291,6.18116,3.96513,3.51464,3.34008
J-420,0.274582,0.169658,0.208318,0.830668,0.843832,0.849469,0.843211,0.185515,0.259223,0.305527,0.341697,0.369834,0.39139,0.399974,0.409151,0.429939,0.445022,1.29795,0.628647,0.68654,0.720659,0.730127,0.557078,0.52211,0.510685
J-421,4.09572,4.12054,4.17633,4.29901,4.45094,4.63963,4.87588,5.21685,5.50164,5.62946,5.70463,5.73928,5.7468,5.70504,5.64586,5.65926,5.69293,5.77249,5.93655,6.11005,6.18239,6.15294,5.59249,5.29611,5.2191
J-422,0.325436,0.223224,0.262216,0.890509,0.904245,0.910342,0.904364,0.243383,0.318263,0.364586,0.40039,0.427953,0.448893,0.456744,0.465645,0.486167,0.501476,1.3177,0.69026,0.748213,0.781937,0.790651,0.61379,0.577309,0.56597
J-423,0.23184,0.1251,0.163654,0.779932,0.792336,0.797031,0.789575,0.133179,0.204623,0.250593,0.286898,0.315487,0.337628,0.346953,0.356699,0.377673,0.392503,1.19675,0.577774,0.633031,0.665994,0.675625,0.508732,0.477495,0.467097
J-424,0.330593,0.228078,0.267053,0.895813,0.909723,0.916001,0.910398,0.249971,0.325517,0.372026,0.407908,0.435448,0.456304,0.463993,0.472893,0.493398,0.50878,1.31199,0.699163,0.757246,0.790856,0.799265,0.62066,0.583293,0.571696
J-425,13.2129,13.7351,13.8462,15.4782,15.6114,15.7044,15.7584,14.7397,14.9465,14.9552,14.9027,14.8148,14.7146,14.5922,14.5155,14.4686,14.521,16.7125,14.9109,15.0211,15.0534,15.0412,14.2892,14.0742,14.0869
J-426,0.328825,0.277763,0.322505,0.88829,0.902595,0.910194,0.910229,0.265171,0.33639,0.383414,0.421369,0.451587,0.474617,0.483449,0.490142,0.508571,0.501712,0.547979,0.628885,0.675454,0.707488,0.724161,0.633887,0.621699,0.625106
J-429,0.219271,0.115763,0.154749,0.769613,0.780083,0.781012,0.767255,0.0982384,0.16082,0.20387,0.238795,0.267202,0.289801,0.300641,0.311026,0.332249,0.346101,1.27832,0.535384,0.587149,0.619152,0.630298,0.470053,0.456206,0.451065
J-43,36.761,37.3035,37.4831,39.7944,40.583,41.4794,42.531,42.9602,44.1322,44.2917,44.1645,43.8488,43.45,42.9209,42.5734,42.3376,42.3742,46.8325,42.7472,43.1757,43.2673,43.1514,40.2149,38.2661,37.8473
J-44,0.239922,0.230602,0.256641,0.84312,0.855264,0.85589,0.834893,0.170871,0.222989,0.270796,0.305575,0.331338,0.350609,0.357405,0.364879,0.384916,0.413666,3.26952,0.872243,0.959243,0.996496,0.98187,0.415055,0.516388,0.520891
J-45,0.240231,0.238793,0.265405,0.870075,0.879331,0.874506,0.845467,0.168266,0.224169,0.272139,0.306782,0.332446,0.35163,0.358424,0.36533,0.384192,0.410558,3.36145,0.869401,0.957752,0.99546,0.980329,0.398936,0.519746,0.527711
J-46,0.261798,0.204992,0.238952,0.767668,0.768397,0.760736,0.717868,0.208552,0.273115,0.316539,0.350543,0.376878,0.397142,0.406377,0.410624,0.426432,0.427223,3.973,0.813525,0.880077,0.909338,0.89863,0.331939,0.425047,0.458342
J-47,56.4763,57.5307,57.5401,60.4394,60.9872,61.6918,62.6183,63.0645,64.5785,64.9112,64.9183,64.7113,64.4091,63.9524,63.7073,63.5809,63.7798,65.7025,64.8004,65.566,65.7581,65.4696,61.6129,59.0442,58.3075
J-48,0.306011,0.253596,0.286747,0.982646,0.973088,0.93491,0.842028,0.325361,0.374849,0.419218,0.453759,0.479362,0.496967,0.500715,0.496027,0.501773,0.493841,3.77996,0.857944,0.94172,0.976797,0.963554,0.400547,0.487746,0.520022
J-49,46.0801,47.4224,47.5704,50.5798,51.0155,51.4829,52.0236,51.4701,52.4551,52.5964,52.5028,52.2591,51.9543,51.5502,51.3122,51.1643,51.3137,53.4515,51.9162,52.3782,52.4875,52.3398,49.8542,48.3053,48.0017
J-5,0.296261,0.154764,0.196811,0.744624,0.753408,0.751275,0.733026,0.047158,0.109625,0.152811,0.189312,0.219806,0.244287,0.256673,0.267135,0.288379,0.338312,0.334243,0.395083,0.46653,0.50209,0.511493,0.475662,0.47767,0.480421
J-50,0.153048,0.165598,0.202536,0.737376,0.747264,0.747941,0.735263,0.0535236,0.0990092,0.137619,0.172263,0.202908,0.228192,0.242319,0.252206,0.272002,0.344157,0.356538,0.444555,0.478229,0.506176,0.526657,0.473605,0.467754,0.470758
J-51,0.445165,0.438371,0.491865,0.957062,0.962148,0.93852,0.872308,0.192937,0.28479,0.34349,0.387536,0.418905,0.440229,0.445961,0.437623,0.441825,0.366512,6.63923,1.00154,1.08574,1.11719,1.09114,0.1437,0.51903,0.625535
J-52,0.279454,0.222043,0.246969,0.859274,0.870921,0.872859,0.856819,0.169438,0.246409,0.3023,0.340552,0.367138,0.386458,0.391805,0.40226,0.426136,0.456206,2.8908,0.904,0.992815,1.03044,1.01512,0.466854,0.529592,0.5269
J-53,0.341132,0.286141,0.311779,0.930316,0.942801,0.94542,0.930025,0.239531,0.31795,0.373759,0.411531,0.437467,0.456067,0.46067,0.47044,0.493943,0.524286,3.16623,0.969105,1.05973,1.09821,1.08289,0.533206,0.592848,0.58963
J-54,0.325333,0.252871,0.283277,0.836716,0.845128,0.839059,0.809497,0.201071,0.251232,0.294817,0.327906,0.353564,0.373564,0.382628,0.39038,0.409314,0.437552,3.08884,0.827925,0.895726,0.927423,0.918791,0.410102,0.511921,0.529299
J-55,0.278296,0.202859,0.232769,0.780502,0.788283,0.781981,0.752568,0.148136,0.197834,0.241756,0.275319,0.301559,0.322129,0.331826,0.339823,0.359148,0.387,3.26881,0.775314,0.844546,0.876972,0.868552,0.360241,0.460777,0.477185
J-56,0.450653,0.452901,0.506155,0.985175,0.989419,0.964557,0.896177,0.184018,0.272816,0.330126,0.373216,0.403908,0.424623,0.429853,0.421159,0.424564,0.355821,6.09985,1.01432,1.09752,1.12853,1.10295,0.153663,0.537186,0.644072
J-57,0.444913,0.445491,0.498164,0.971948,0.976668,0.952805,0.886329,0.183287,0.271977,0.329309,0.372443,0.403147,0.423818,0.428876,0.419564,0.422205,0.34889,6.21427,1.00478,1.08775,1.11879,1.09342,0.155544,0.53125,0.636218
J-58,0.265651,0.245955,0.278057,0.747312,0.762214,0.757513,0.723965,0.160739,0.221898,0.267618,0.302526,0.3292,0.349812,0.359348,0.365515,0.384416,0.400398,5.13148,0.816847,0.895884,0.93071,0.91709,0.238072,0.43439,0.475745
J-59,0.266521,0.246956,0.279131,0.749021,0.763912,0.759109,0.725471,0.161727,0.222921,0.26864,0.303514,0.330138,0.350691,0.360167,0.366318,0.385167,0.40115,4.9403,0.820155,0.897895,0.932016,0.918422,0.239803,0.436309,0.478028
J-6,0.0186181,0.0286856,0.072969,0.668882,0.678359,0.678167,0.66416,-0.0114146,0.0306795,0.0697382,0.10555,0.137516,0.16395,0.17927,0.189077,0.208743,0.230223,0.2388,0.292776,0.318883,0.34598,0.371128,0.390875,0.374401,0.375547
J-60,0.40879,0.384593,0.44003,0.851577,0.862258,0.846316,0.791494,0.195112,0.294907,0.357587,0.404949,0.439556,0.46454,0.47492,0.472367,0.483062,0.427009,6.73625,0.99974,1.08065,1.10967,1.08179,0.119516,0.453855,0.561813
J-61,0.41715,0.392565,0.448136,0.860648,0.871562,0.855855,0.801247,0.20407,0.303928,0.36654,0.413776,0.448229,0.473051,0.483267,0.480614,0.491165,0.435106,6.69034,1.00756,1.08818,1.11712,1.08943,0.128057,0.461792,0.569863
J-62,0.270546,0.206526,0.241045,0.800625,0.800251,0.788296,0.739321,0.230485,0.292836,0.336298,0.370156,0.396116,0.415706,0.423807,0.426801,0.441051,0.439658,3.60915,0.813014,0.877955,0.906716,0.896948,0.337659,0.429599,0.467162
J-63,0.278278,0.216572,0.24842,0.781353,0.779667,0.769966,0.726235,0.239635,0.307714,0.352454,0.387048,0.413359,0.433214,0.441436,0.444518,0.459583,0.458227,4.35029,0.815652,0.883631,0.91366,0.903162,0.344049,0.439066,0.465865
J-64,0.249987,0.25378,0.285864,0.793938,0.804868,0.805774,0.791864,0.132416,0.170043,0.212673,0.246169,0.273014,0.294692,0.305354,0.316203,0.338438,0.404071,2.05611,0.675128,0.722844,0.750555,0.755569,0.50283,0.528697,0.535101
J-65,0.259802,0.264743,0.297005,0.806477,0.817486,0.81842,0.804422,0.143946,0.181469,0.223966,0.257294,0.284022,0.305595,0.316162,0.326922,0.349102,0.414721,2.09972,0.684638,0.732634,0.760546,0.765692,0.513397,0.53923,0.545725
J-66,0.0253528,0.0721161,0.115139,0.169471,0.208823,0.246134,0.281427,0.293454,0.321364,0.347076,0.369965,0.388931,0.40142,0.394235,0.356576,0.382895,0.408935,0.431859,0.476194,0.504243,0.53051,0.554503,0.577724,0.602097,0.62662
J-67,0.0818158,0.125635,0.167703,0.222951,0.26532,0.307584,0.350276,0.376935,0.415725,0.445323,0.469965,0.489175,0.50113,0.492209,0.45329,0.479528,0.506426,0.532374,0.582193,0.616657,0.644789,0.666129,0.662305,0.671369,0.690549
J-68,0.309358,0.176693,0.206392,0.752396,0.762792,0.761243,0.740137,0.121318,0.145408,0.196225,0.231416,0.257688,0.277883,0.285897,0.295818,0.317831,0.353036,2.83251,0.745422,0.816125,0.849113,0.842096,0.368987,0.441197,0.452833
J-69,0.32452,0.16933,0.199772,0.742217,0.754007,0.75472,0.736705,0.122075,0.145045,0.197268,0.232419,0.25867,0.278839,0.286791,0.29653,0.317953,0.352765,2.74303,0.747502,0.817423,0.850104,0.84314,0.374246,0.43351,0.441528
J-7,0.329704,0.291856,0.325603,0.859321,0.865037,0.857725,0.829923,0.151035,0.202571,0.249054,0.284321,0.311092,0.331426,0.338855,0.346609,0.36623,0.408637,1.95728,0.658114,0.705794,0.733389,0.738178,0.499537,0.559345,0.573933
J-70,0.21846,0.195996,0.223535,0.761606,0.773387,0.771663,0.748061,0.1155,0.177022,0.226569,0.26204,0.288335,0.308431,0.316468,0.326537,0.349615,0.381535,3.29335,0.795621,0.870481,0.90441,0.894714,0.337654,0.45744,0.470751
J-71,0.399468,0.230294,0.259311,0.800312,0.807597,0.802404,0.778525,0.24067,0.27269,0.313572,0.345773,0.371734,0.392135,0.401836,0.407556,0.423622,0.419333,2.95829,0.822138,0.885813,0.917097,0.910215,0.432146,0.503497,0.511913
J-72,0.295975,0.211951,0.241126,0.784431,0.793296,0.789229,0.764171,0.163713,0.212173,0.255258,0.288542,0.314851,0.335649,0.345759,0.353838,0.373114,0.395265,3.07983,0.787688,0.852346,0.884019,0.876219,0.399208,0.480516,0.491146
J-73,0.240782,0.21973,0.245046,0.804539,0.818943,0.823636,0.809948,0.167601,0.235645,0.289399,0.326786,0.353177,0.372507,0.378261,0.387798,0.410648,0.443676,3.19379,0.865723,0.949281,0.986034,0.972684,0.426804,0.50482,0.506533
J-74,0.226184,0.162428,0.190096,0.741026,0.751241,0.748015,0.721906,0.109442,0.164882,0.214167,0.249346,0.275661,0.295899,0.304017,0.313947,0.336318,0.36712,3.01979,0.726522,0.792825,0.825308,0.819287,0.337831,0.427929,0.439012
J-75,0.277671,0.21623,0.254993,0.871091,0.869675,0.849832,0.79099,0.251883,0.308506,0.351922,0.385676,0.411374,0.430283,0.437029,0.437821,0.449765,0.443484,3.7648,0.815496,0.885791,0.916959,0.907269,0.348858,0.44192,0.489992
J-76,0.193365,0.200323,0.23345,0.744473,0.754552,0.754934,0.740954,0.076377,0.117735,0.158584,0.192032,0.219946,0.242843,0.255008,0.265956,0.287655,0.355037,1.74852,0.576592,0.620414,0.648391,0.657875,0.466417,0.481834,0.486934
J-77,0.202917,0.208515,0.241226,0.751332,0.761465,0.761821,0.74769,0.0822861,0.123211,0.164815,0.198418,0.226126,0.248771,0.260569,0.271707,0.293758,0.361658,1.80993,0.600557,0.645699,0.673514,0.681328,0.470434,0.488836,0.49423
J-78,0.436085,0.219807,0.249803,0.77803,0.788239,0.787785,0.76919,0.13311,0.147189,0.194309,0.23013,0.25659,0.276487,0.284302,0.294483,0.316408,0.38973,2.56865,0.778207,0.851738,0.88507,0.875923,0.403118,0.469302,0.483935
J-79,0.439674,0.223677,0.253712,0.782284,0.792513,0.792073,0.773418,0.136909,0.150939,0.197994,0.23375,0.260173,0.280031,0.287835,0.298009,0.319888,0.393217,2.57061,0.781554,0.855034,0.88837,0.87925,0.406866,0.473007,0.487709
J-8,5.60847,5.92039,5.97791,7.33,7.45182,7.57027,7.68886,6.90135,7.21635,7.2947,7.29641,7.24945,7.18142,7.07736,7.02159,7.00091,7.07101,10.6282,7.63798,7.85247,7.91956,7.86216,6.71168,6.38823,6.3092
J-80,0.243775,0.226942,0.252012,0.819958,0.834187,0.8387,0.824634,0.170426,0.237803,0.291351,0.328707,0.355093,0.374355,0.379985,0.389255,0.41205,0.445224,3.23033,0.882362,0.968733,1.00603,0.991707,0.433968,0.514587,0.515689
J-81,0.245477,0.230924,0.255994,0.831462,0.845223,0.849049,0.833606,0.171574,0.235435,0.288094,0.32504,0.351324,0.370554,0.376304,0.385244,0.407582,0.44039,3.20769,0.889551,0.977122,1.01455,0.999647,0.434594,0.519925,0.521292
J-82,0.206473,0.208476,0.240637,0.746521,0.756848,0.757217,0.74286,0.0824672,0.120701,0.162831,0.196497,0.223909,0.246228,0.257634,0.268912,0.291173,0.357514,1.84973,0.617571,0.662962,0.690071,0.696122,0.461711,0.486064,0.492402
J-83,0.231531,0.201723,0.232275,0.692219,0.695731,0.700116,0.677095,0.139716,0.202209,0.243888,0.277469,0.304539,0.326497,0.338895,0.346338,0.36523,0.370787,4.21881,0.808943,0.874389,0.902723,0.890866,0.320093,0.423613,0.447127
J-84,0.247181,0.265405,0.29551,0.766604,0.777653,0.778138,0.76117,0.113666,0.166577,0.203432,0.23501,0.262219,0.285795,0.30173,0.314679,0.337982,0.375622,3.05058,0.783637,0.839036,0.865654,0.860033,0.438554,0.51182,0.527213
J-85,0.481471,0.506864,0.533613,1.02795,1.04793,1.06284,1.06799,0.456195,0.545716,0.593079,0.627544,0.652424,0.67129,0.678758,0.687603,0.709647,0.751616,3.73506,1.18199,1.26066,1.29398,1.27918,0.764554,0.780546,0.777331
J-86,0.233804,0.213757,0.241922,0.754019,0.769173,0.767673,0.740889,0.123015,0.17296,0.221714,0.256934,0.283309,0.303541,0.311991,0.320474,0.342299,0.370501,4.53346,0.775204,0.856732,0.894587,0.884994,0.274472,0.445603,0.466521
J-87,0.2371,0.214662,0.242876,0.761361,0.775607,0.773302,0.745658,0.121105,0.17364,0.223494,0.258961,0.285348,0.305641,0.314141,0.323216,0.345238,0.372596,4.36005,0.779438,0.860449,0.897802,0.888014,0.282019,0.449341,0.470204
J-88,0.248528,0.205281,0.233153,0.779191,0.790425,0.788136,0.764203,0.140676,0.197885,0.246325,0.281198,0.307169,0.327054,0.335004,0.344747,0.367278,0.398108,3.32077,0.808322,0.881395,0.914831,0.906327,0.355731,0.468741,0.480591
J-89,0.242431,0.260788,0.290897,0.763188,0.77446,0.775043,0.758849,0.114097,0.166277,0.203136,0.23467,0.261771,0.285183,0.300783,0.313546,0.336651,0.37617,2.90224,0.766637,0.820421,0.84691,0.842693,0.443198,0.510777,0.524777
J-9,1.06691,1.03484,1.04136,1.58276,1.62832,1.69146,1.77651,1.43205,1.60226,1.63398,1.6187,1.56258,1.44562,1.44638,1.44362,1.44447,1.48474,1.59599,1.78135,1.91222,1.94223,1.90115,1.49574,1.2757,1.2252
J-90,0.243258,0.263634,0.293852,0.770351,0.781373,0.78174,0.765517,0.11661,0.167768,0.204836,0.236387,0.263441,0.286734,0.302048,0.314837,0.337968,0.380813,2.77133,0.757391,0.810197,0.836718,0.833615,0.454395,0.516624,0.529717
J-91,0.29227,0.258741,0.291704,0.88109,0.882484,0.849555,0.776655,0.242424,0.328529,0.386318,0.424911,0.450819,0.469023,0.472858,0.481796,0.506325,0.542619,4.49621,0.988915,1.08879,1.13104,1.11239,0.409322,0.507863,0.504814
J-92,0.290778,0.257146,0.292203,0.884925,0.88589,0.853351,0.774563,0.24015,0.324946,0.382711,0.421317,0.44731,0.465612,0.469564,0.478439,0.503259,0.540112,5.0394,0.97788,1.08224,1.12706,1.10842,0.403179,0.499997,0.497669
J-93,0.316975,0.322504,0.351126,0.851586,0.863384,0.864937,0.849439,0.252661,0.310184,0.352509,0.38597,0.412309,0.433018,0.443052,0.450824,0.469898,0.499808,3.15235,0.893354,0.960041,0.991626,0.982771,0.510754,0.584207,0.593357
J-94,0.214279,0.18265,0.210419,0.737748,0.749801,0.748227,0.724613,0.100338,0.156686,0.20419,0.238855,0.265103,0.285476,0.294261,0.304483,0.327402,0.358663,3.2549,0.77259,0.844836,0.877936,0.869135,0.317839,0.440383,0.45508
J-95,0.276658,0.195771,0.226812,0.78844,0.796444,0.790355,0.761041,0.145,0.192987,0.237113,0.270873,0.297144,0.317583,0.326925,0.334237,0.352864,0.383781,3.38954,0.785684,0.859685,0.893335,0.883705,0.356066,0.457682,0.476009
J-96,0.246776,0.180353,0.210559,0.767173,0.775286,0.768564,0.737014,0.146187,0.193005,0.236435,0.269744,0.295779,0.315996,0.325155,0.331527,0.349904,0.378398,3.41439,0.773278,0.842816,0.875714,0.86746,0.339677,0.433044,0.453952
J-97,0.218197,0.194382,0.222133,0.751148,0.763348,0.76145,0.736763,0.119712,0.180347,0.229625,0.264955,0.291173,0.311139,0.319026,0.328477,0.350964,0.381051,3.43301,0.789286,0.86393,0.897967,0.888502,0.312184,0.448365,0.464235
J-98,0.294442,0.249363,0.281283,0.857325,0.858466,0.825974,0.763209,0.24358,0.327665,0.38546,0.424253,0.450276,0.468352,0.471778,0.479481,0.502769,0.536371,4.59847,0.975117,1.07564,1.11828,1.0996,0.392372,0.496735,0.493739
J-99,0.292063,0.246033,0.277428,0.845163,0.848263,0.818185,0.759112,0.236977,0.318595,0.375345,0.413669,0.439627,0.457847,0.461771,0.469677,0.492904,0.52606,4.48193,0.964688,1.06273,1.10441,1.0864,0.386007,0.49327,0.491354
