ID,X,Y,PreChange
J-1,4071494.75,3449266.0,0.3936108400000001
J-10,4076447.5,3442551.0,-0.161283838
J-100,4072563.25,3440915.0,-0.453331716
J-101,4073314.75,3441013.0,-0.49291520399999994
J-102,4073394.5,3441066.0,-0.4666450636
J-103,4069819.25,3444045.0,0.25257661200000003
J-104,4070024.99,3443822.0,0.24392424
J-105,4077364.75,3443709.0,0.084168532
J-106,4077362.5,3443575.0,0.10860880399999999
J-107,4072666.75,3439223.0,2.6668003999999996
J-108,4072163.25,3438983.0,3.7880825199999997
J-109,4074113.49,3441093.0,-0.210039108
J-11,4073076.25,3436208.0,0.22708107199999997
J-110,4074114.0,3441011.0,-0.226509628
J-111,4076834.26,3440787.0,-0.16368831200000003
J-112,4077237.0,3440801.0,-0.1638741892
J-113,4067497.24,3436364.0,0.19701208400000003
J-114,4066655.5,3436365.0,0.20094071999999996
J-115,4074430.25,3440178.0,15.812468
J-116,4074449.76,3440667.0,-0.05091160800000002
J-117,4075282.5,3441853.0,-0.18627035200000003
J-118,4075706.5,3441842.0,-0.193166732
J-119,4074309.74,3436737.0,0.22087435199999997
J-12,4073058.5,3435706.0,0.10537152399999998
J-120,4073982.5,3436756.0,0.24206437599999997
J-121,4064002.25,3437829.0,1.0520356
J-122,4064193.49,3437790.0,1.06656548
J-123,4064217.76,3432282.0,0.254919056
J-124,4064734.01,3432285.0,6.306658399999999
J-125,4070704.0,3435803.0,0.27183376800000003
J-126,4069756.26,3435843.0,-0.09810646
J-127,4073680.25,3441640.0,-0.17559038399999996
J-128,4074241.25,3441452.0,-0.22193988
J-129,4074260.49,3441821.0,-0.21034169640000003
J-13,4076637.25,3436947.0,0.071808016
J-130,4075710.0,3441372.0,-0.17974618
J-131,4076006.5,3441364.0,-0.181685956
J-132,4063715.74,3437994.0,1.03100544
J-133,4063662.5,3437516.0,7.0377247999999994
J-134,4073150.0,3441925.0,-0.10516913599999998
J-135,4073399.75,3441915.0,-0.21080391199999993
J-136,4077117.99,3439924.0,-0.13240607040000002
J-137,4076015.5,3439955.0,-0.12578978799999999
J-138,4075444.5,3437303.0,0.15061397599999998
J-139,4075997.99,3437254.0,0.09621336563999998
J-14,4076880.0,3436599.0,6.7597068
J-140,4078347.0,3441749.0,-0.01850944800000001
J-141,4078369.5,3442132.0,-0.009130499999999977
J-142,4077570.0,3441768.0,0.0014912360000000026
J-143,4077556.99,3441456.0,5.970863200000001
J-144,4075324.99,3442785.0,-0.16343360599999998
J-145,4077212.5,3442124.0,-0.1468328048
J-146,4069636.75,3443727.0,0.27289800799999997
J-147,4076505.75,3444295.0,-0.06209421919999999
J-148,4076176.67,3444313.0,-0.059291935999999996
J-149,4075375.5,3445089.0,0.19656106399999998
J-15,4072755.5,3436206.0,0.24546766120000002
J-150,4075710.0,3446253.0,0.285508412
J-151,4064216.5,3432181.0,0.2564273
J-152,4063816.0,3432184.0,0.27727695599999996
J-153,4076609.26,3436547.0,0.0809375496
J-154,4075043.01,3436676.0,0.18796745599999998
J-155,4077107.0,3438607.0,-0.11985831200000002
J-156,4077073.01,3438607.0,-0.118823948
J-157,4073688.76,3441893.0,-0.20765664400000003
J-158,4073851.99,3441892.0,-0.2062607096
J-159,4075230.26,3440481.0,0.083564508
J-16,4072738.0,3435718.0,-0.013277792000000016
J-160,4074926.51,3440493.0,10.2534284
J-161,4078734.0,3441113.0,-0.10325887599999999
J-162,4079087.76,3441092.0,6.771628799999999
J-163,4067228.0,3445741.0,1.26676456
J-164,4067257.99,3445066.0,1.2062001199999999
J-165,4076367.26,3441776.0,-0.1634985508
J-166,4077226.49,3441746.0,-0.05242184000000001
J-167,4071610.5,3442048.0,0.21036928000000002
J-168,4071994.75,3442387.0,0.158252644
J-169,4071700.76,3443437.0,0.102049716
J-17,4072010.02,3435744.0,0.268046124
J-170,4071145.5,3442821.0,0.11833353800000002
J-171,4073968.75,3443302.0,-0.16502514000000001
J-172,4075302.01,3442315.0,-0.1206860032
J-173,4075058.27,3442421.0,-0.070939056
J-174,4074814.0,3441410.0,-0.11486720080000001
J-175,4074815.0,3441441.0,-0.13473029600000003
J-176,4074107.24,3440745.0,-0.227784116
J-177,4074790.26,3440714.0,-0.160706388
J-178,4074263.75,3441881.0,-0.2101741264
J-179,4074287.0,3442245.0,-0.20244008400000002
J-18,4072009.91,3436290.0,0.2840555
J-180,4074749.74,3439967.0,-0.193560072
J-181,4074786.23,3440653.0,-0.13878940800000003
J-182,4074735.75,3439596.0,-0.10245779679999999
J-183,4074392.0,3439629.0,-0.15333483880000004
J-184,4074000.74,3443297.0,-0.163876828
J-185,4074585.5,3442868.0,-0.1633642164
J-186,4076798.0,3439429.0,0.111121764
J-187,4077100.75,3439422.0,-0.063022848
J-188,4078231.74,3439898.0,-0.13090053199999999
J-189,4078215.25,3439498.0,6.7945692
J-19,4075523.01,3442713.0,6.467332799999999
J-190,4075625.5,3439941.0,-0.126757048
J-191,4075795.49,3439935.0,-0.07718452800000002
J-192,4064554.76,3439389.0,0.7659056320000001
J-193,4064691.25,3438505.0,0.8425653599999999
J-194,4073194.75,3442656.0,-0.0743676108
J-195,4073161.75,3442306.0,-0.091507144
J-196,4077844.25,3439866.0,-0.132951082
J-197,4077494.75,3439880.0,-0.13088601600000005
J-198,4077937.73,3436621.0,0.020058435999999995
J-199,4077986.0,3436517.0,3.5238856
J-2,4075735.76,3439014.0,-0.016383456000000005
J-20,4075741.72,3442713.0,-0.1609957708
J-200,4064711.23,3437662.0,7.622737599999999
J-201,4076393.75,3441352.0,-0.17454400400000003
J-202,4074590.51,3443163.0,8.878006
J-203,4075645.74,3436037.0,0.122703584
J-204,4076585.01,3435965.0,0.095024552
J-205,4073813.25,3445168.0,0.189499808
J-206,4074236.51,3445185.0,0.007067167999999986
J-207,4078671.01,3440781.0,-0.13583258760000003
J-208,4074989.5,3447932.0,0.7244782
J-209,4075246.0,3447936.0,9.3981532
J-21,4078109.26,3438105.0,-0.022567604
J-210,4073782.75,3444124.0,0.011511368000000011
J-211,4071143.73,3442788.0,0.1186087412
J-212,4076078.23,3442936.0,-0.07228881999999999
J-213,4076453.24,3442928.0,-0.029658708000000013
J-214,4073766.01,3442624.0,-0.15113736879999998
J-215,4073497.26,3442644.0,-0.1597301368
J-216,4075203.75,3439953.0,-0.17236269399999998
J-217,4075385.26,3439948.0,-0.137438596
J-218,4076012.51,3437582.0,0.0762423564
J-219,4076042.25,3438194.0,0.014140289599999993
J-22,4078109.5,3438207.0,3.1815216000000004
J-220,4077211.24,3441333.0,-0.05256239320000001
J-221,4076849.5,3441343.0,-0.179138904
J-222,4074843.5,3442233.0,-0.08794177600000001
J-223,4073867.75,3441029.0,-0.22314268644000002
J-224,4076009.01,3441406.0,-0.17664761599999998
J-225,4076395.5,3441395.0,-0.1480329836
J-226,4074049.5,3439010.0,-0.12950174879999998
J-227,4074072.25,3439643.0,-0.21360551199999997
J-228,4067976.49,3440526.0,0.37356191600000005
J-229,4071307.24,3439574.0,0.060119448
J-23,4078615.0,3439820.0,-0.131024004
J-230,4075364.49,3439264.0,-0.11236833079999997
J-231,4075365.51,3439294.0,-0.09808079000000001
J-232,4074712.26,3439325.0,0.033337276
J-233,4073512.0,3441299.0,-0.31782753199999997
J-234,4073503.75,3441070.0,-0.24717357080000002
J-235,4078403.75,3443248.0,-0.01853816800000002
J-236,4072863.0,3443709.0,0.057211656
J-237,4072850.99,3443367.0,0.069739702
J-238,4072723.25,3439412.0,-0.062098308000000005
J-239,4072747.0,3439411.0,-0.06268326
J-24,4078588.0,3439417.0,-0.11963471999999997
J-240,4075096.23,3437298.0,0.172610816
J-241,4075101.75,3437329.0,0.16707961600000001
J-242,4072351.26,3442658.0,0.1365626412
J-243,4073429.26,3441475.0,-0.27211820639999995
J-244,4075708.49,3439017.0,-0.002987027999999996
J-245,4075690.48,3438224.0,0.114206848
J-246,4074725.0,3437328.0,0.236887148
J-247,4072153.26,3443396.0,0.09199484
J-248,4072130.5,3442738.0,0.17019786800000003
J-249,4070500.01,3444111.0,0.20303234000000003
J-25,4072159.75,3438912.0,3.6619448
J-250,4076145.74,3444314.0,-0.05953021999999999
J-251,4076124.51,3443910.0,0.014869991999999983
J-252,4075298.0,3442223.0,-0.13515329999999998
J-253,4077879.74,3440807.0,-0.153581182
J-254,4077192.75,3440832.0,-0.1665069868
J-255,4078322.0,3441137.0,-0.14294949519999997
J-256,4075268.76,3441361.0,-0.15375911280000001
J-257,4077036.61,3437693.0,-0.05052078400000001
J-258,4075316.01,3442569.0,-0.17190349600000002
J-259,4067995.75,3442690.0,0.379166388
J-26,4072671.5,3439308.0,0.8736916400000001
J-260,4075601.99,3444766.0,3.7627911999999992
J-261,4075645.25,3444666.0,0.05719991760000001
J-262,4074625.51,3435181.0,0.21519866
J-263,4074238.75,3435217.0,0.22053934000000003
J-264,4073529.25,3441910.0,-0.20486311199999999
J-265,4068231.99,3437033.0,0.18478229599999998
J-266,4067868.5,3436694.0,0.19122145200000001
J-267,4078404.5,3443280.0,-0.02000990800000001
J-268,4078236.51,3440263.0,0.33442938400000005
J-269,4077519.49,3441336.0,10.390074399999998
J-27,4070888.25,3442837.0,0.139920956
J-270,4077531.0,3440786.0,-0.11925288799999999
J-271,4075738.26,3442940.0,-0.159231692
J-272,4073396.5,3442298.0,-0.16590770439999997
J-273,4076902.26,3442920.0,-0.02030976400000001
J-274,4076449.0,3442897.0,-0.027932576000000015
J-275,4073398.49,3441255.0,-0.4725117348000001
J-276,4073833.5,3445536.0,0.25575855999999997
J-277,4072990.73,3445510.0,0.11298284
J-278,4073514.75,3441477.0,-0.26663068
J-279,4075071.02,3444331.0,-0.063947012
J-28,4069934.0,3442895.0,0.247784876
J-280,4074188.5,3444464.0,-0.06670593999999999
J-281,4076075.99,3442883.0,-0.17503402399999998
J-282,4076061.76,3442741.0,-0.16903712359999998
J-283,4075715.25,3438222.0,0.10694102000000001
J-284,4074414.5,3438283.0,0.04413394399999999
J-285,4067679.26,3442556.0,0.48017151999999996
J-286,4067676.25,3442914.0,0.538351188
J-287,4078273.5,3440357.0,-0.12152209600000002
J-288,4078229.5,3440361.0,-0.117725204
J-289,4075271.75,3441446.0,-0.16296123239999996
J-29,4078620.25,3439890.0,-0.13549099599999997
J-290,4074203.24,3444810.0,-0.01887943999999999
J-291,4074608.5,3444773.0,0.10667193200000001
J-292,4077361.5,3443523.0,0.117308788
J-293,4067692.49,3443135.0,0.604773792
J-294,4068054.76,3444185.0,0.9305777999999999
J-295,4073571.49,3441906.0,-0.20984747080000002
J-296,4075759.25,3443540.0,-0.059823776
J-297,4075304.49,3442376.0,-0.11168123971999996
J-298,4072043.74,3442743.0,0.17480224400000005
J-299,4074636.26,3445199.0,0.03357056
J-3,4076615.51,3436633.0,0.077588784
J-30,4074677.24,3438640.0,0.1476251664
J-300,4074830.25,3441866.0,-0.18627983439999998
J-301,4072352.74,3442718.0,0.181750936
J-302,4073336.01,3441279.0,-0.4736912840000001
J-303,4065844.5,3441563.0,6.2021592000000005
J-304,4078651.0,3440387.0,-0.13114135600000001
J-305,4075788.51,3439511.0,-0.003225265200000016
J-306,4076929.5,3443495.0,-0.02822335999999999
J-307,4076476.25,3443515.0,-0.04176871199999999
J-308,4077261.25,3442930.0,0.5406882359999999
J-309,4078571.77,3438571.0,-0.127042428
J-31,4074697.25,3438963.0,-0.07553542
J-310,4078565.5,3437666.0,-0.090642948
J-311,4076682.69,3436629.0,0.082077976
J-312,4077185.01,3437388.0,-0.067140536
J-313,4075720.5,3442162.0,-0.17266438
J-314,4077786.76,3438096.0,-0.0721013672
J-315,4077798.75,3438582.0,-0.12279948399999999
J-316,4078370.25,3438114.0,0.011928928800000002
J-317,4078363.25,3438298.0,0.043281558799999995
J-318,4077550.25,3436611.0,-0.020744303999999998
J-319,4077799.75,3436039.0,0.7025235599999999
J-32,4072879.5,3444176.0,0.02702642
J-320,4074208.0,3434805.0,0.219385388
J-321,4074620.5,3435020.0,0.20995632
J-322,4077778.75,3436041.0,0.018819872000000012
J-323,4077857.24,3435823.0,-0.00892588399999999
J-324,4075239.5,3445583.0,0.17445015600000002
J-325,4074664.25,3445569.0,0.15068832399999998
J-326,4076818.25,3436036.0,0.04242562671999999
J-327,4077200.0,3441781.0,-0.181077992
J-328,4077160.26,3440804.0,-0.1628011692
J-329,4073790.99,3439689.0,-0.193511404
J-33,4072870.01,3443955.0,0.020310980399999994
J-330,4073288.49,3439743.0,-0.15183011999999999
J-331,4075129.01,3435519.0,0.220534596
J-332,4075141.75,3435774.0,0.21322956
J-333,4077220.75,3436579.0,9.3885856
J-334,4077532.26,3436600.0,0.052982216000000006
J-335,4063722.0,3438660.0,3.8973708
J-336,4063722.26,3438514.0,0.9770946
J-337,4075592.5,3440002.0,-0.1437888548
J-338,4073628.28,3434460.0,0.019693479999999992
J-339,4073328.25,3433674.0,0.11701236399999998
J-34,4071530.24,3435766.0,-0.06049062400000002
J-340,4078582.35,3433992.0,0.14319650799999997
J-341,4079159.51,3433227.0,0.29450513599999995
J-342,4072690.5,3439238.0,-0.035801087999999995
J-343,4072691.76,3439307.0,-0.041823447600000015
J-344,4075147.5,3435859.0,0.210021572
J-345,4075162.25,3436073.0,0.19763012400000002
J-346,4072393.99,3445148.0,0.53622264
J-347,4072403.99,3445244.0,0.61250692
J-348,4073912.75,3435655.0,0.216058004
J-349,4073818.74,3435095.0,0.23062038399999998
J-35,4071457.25,3434806.0,0.04910556640000001
J-350,4074259.25,3435619.0,0.20838597999999997
J-351,4074281.99,3436134.0,0.199642112
J-352,4073868.75,3441029.0,-0.22304578288
J-353,4074736.51,3439612.0,-0.128050552
J-354,4076256.5,3439436.0,-0.025410796000000006
J-355,4075391.24,3437309.0,0.1536465584
J-356,4075420.99,3437305.0,0.1515884584
J-357,4075450.0,3437626.0,0.1464676432
J-358,4073346.0,3441103.0,-0.537013752
J-359,4074655.5,3435807.0,0.204975032
J-36,4075219.75,3438933.0,14.434828
J-360,4078171.74,3435033.0,0.018373632800000008
J-361,4078464.25,3434271.0,0.097950784
J-362,4077783.24,3437678.0,-0.07079948
J-363,4073297.24,3443019.0,-0.1637942636
J-364,4073966.25,3434448.0,0.02805454000000001
J-365,4075079.25,3434398.0,0.028791903999999993
J-366,4076912.74,3437965.0,-0.04938741600000001
J-367,4074673.0,3436104.0,0.183134348
J-368,4075357.51,3439047.0,-0.03408970039999999
J-369,4071359.75,3434162.0,0.23275664
J-37,4077477.0,3439440.0,-0.115704128
J-370,4073285.76,3439707.0,-0.13688658
J-371,4076828.25,3440829.0,-0.151331116
J-372,4078555.09,3437376.0,-0.083139028
J-373,4075370.74,3439566.0,-0.06463111599999999
J-374,4074780.51,3438281.0,0.172141064
J-375,4078281.5,3439897.0,-0.13262422000000001
J-376,4076030.51,3441830.0,-0.200213416
J-377,4077905.01,3442153.0,-0.11734347480000001
J-378,4072739.99,3439304.0,0.434220232
J-379,4078985.51,3439818.0,6.8631832
J-38,4077831.51,3439422.0,-0.120298584
J-380,4066489.0,3439742.0,0.37455928400000005
J-381,4065934.75,3440450.0,0.457756992
J-382,4073759.25,3434840.0,-0.011536952000000019
J-383,4072411.99,3437684.0,0.8064545600000002
J-384,4072131.76,3437698.0,0.8065459199999999
J-385,4075102.74,3434988.0,0.11391143199999998
J-386,4065070.74,3438347.0,0.8458509599999999
J-387,4074521.0,3438296.0,0.21123189600000003
J-388,4073238.5,3438391.0,-0.040037228
J-389,4077844.74,3435913.0,4.8894816
J-39,4076228.51,3442340.0,4.115643599999999
J-390,4072186.75,3436905.0,0.30902897599999996
J-391,4072096.25,3437281.0,0.33358853599999994
J-392,4075684.75,3436942.0,16.962464
J-393,4072840.51,3443043.0,0.238653856
J-394,4067938.99,3445043.0,1.16711196
J-395,4078608.75,3443431.0,0.03549586160000001
J-396,4071748.5,3445202.0,0.133127732
J-397,4071734.0,3444235.0,-0.026189404000000013
J-398,4071663.5,3442769.0,0.16057464400000002
J-399,4078194.24,3440291.0,1.5613204800000002
J-4,4077543.25,3436625.0,-0.022340048
J-40,4076223.74,3442201.0,-0.13272140600000001
J-400,4067924.49,3437259.0,0.185769724
J-401,4076740.79,3438315.0,-0.095395456
J-402,4077878.01,3440776.0,-0.10749040000000003
J-403,4075309.25,3442486.0,-0.09626602399999999
J-404,4077244.0,3442212.0,-0.17566509600000002
J-405,4075718.25,3435793.0,0.15513902799999998
J-406,4076036.49,3442206.0,-0.18671415199999994
J-407,4075722.75,3442214.0,-0.17593383599999998
J-408,4074078.01,3439995.0,-0.2455820844
J-409,4073943.24,3436134.0,0.223718392
J-41,4076792.25,3439897.0,-0.140671804
J-410,4076596.25,3438650.0,-0.026780464000000014
J-411,4074183.76,3444159.0,-0.06895043199999999
J-412,4075247.26,3435852.0,0.223509788
J-413,4075339.75,3435845.0,0.236039576
J-414,4073280.75,3439384.0,-0.07876574
J-415,4076731.36,3438360.0,-0.101068356
J-416,4077316.99,3443455.0,10.4050848
J-417,4075996.24,3439953.0,-0.11016820400000003
J-418,4068001.5,3441995.0,0.374930696
J-419,4068016.75,3442595.0,0.370482352
J-42,4076773.99,3439450.0,-0.06956035960000001
J-420,4070765.26,3439273.0,18.552843999999997
J-421,4071308.5,3439575.0,0.024336835999999994
J-422,4074856.25,3442585.0,-0.1619525524
J-423,4070888.25,3442739.0,0.13023262
J-424,4071140.25,3442729.0,0.11992462720000001
J-425,4076547.24,3441807.0,-0.09815950400000001
J-426,4076547.51,3441929.0,4.0173380000000005
J-427,4077616.0,3442864.0,-0.091375988
J-428,4074261.49,3445545.0,0.039627751999999995
J-429,4072012.24,3442011.0,0.211215404
J-43,4074867.0,3442853.0,-0.1657511996
J-430,4073683.0,3441718.0,-0.201913644
J-431,4076160.75,3444651.0,0.06203528800000001
J-432,4075387.01,3439987.0,-0.14544529160000003
J-433,4075986.51,3436956.0,0.16695845600000003
J-434,4070712.24,3436342.0,0.3176518308
J-435,4073542.25,3441719.0,-0.2178793416
J-436,4075360.5,3439988.0,-0.14978670079999998
J-437,4077561.0,3443453.0,19.424924
J-438,4065497.75,3438348.0,0.8516250000000001
J-439,4065243.0,3438211.0,0.8528228
J-44,4075107.51,3442899.0,-0.1690224228
J-440,4075739.5,3442884.0,-0.177574728
J-441,4065814.51,3436052.0,0.281395524
J-442,4066101.0,3436260.0,4.4151076
J-443,4071803.49,3437722.0,0.81891164
J-444,4062282.24,3440595.0,0.4271670760000001
J-445,4062106.49,3440595.0,0.450267896
J-446,4073525.01,3435119.0,0.249290868
J-447,4075522.22,3442566.0,-0.173546304
J-448,4075510.49,3442292.0,7.9291912
J-449,4074417.0,3439975.0,-0.205793228
J-45,4073157.0,3441492.0,-0.25774774799999994
J-450,4073521.75,3443903.0,-0.02179050248
J-451,4067139.76,3435891.0,0.22889466560000002
J-452,4065975.5,3434814.0,0.24500814399999998
J-453,4075593.25,3444906.0,25.355004000000005
J-454,4074037.0,3438686.0,-0.11604851080000002
J-455,4073395.74,3443354.0,-0.16596623840000002
J-456,4075368.01,3439566.0,-0.06363620920000003
J-457,4078275.74,3440261.0,-0.12264121599999997
J-458,4076599.0,3446235.0,0.291847448
J-459,4078200.0,3446204.0,44.457347999999996
J-46,4073157.49,3441468.0,-0.26135525600000004
J-460,4074370.5,3437391.0,0.235456424
J-461,4068545.25,3441033.0,0.37195066400000004
J-462,4068437.75,3441925.0,0.378074664
J-463,4074048.99,3438999.0,-0.1284474108
J-464,4072911.99,3444705.0,0.32930687999999997
J-465,4072887.25,3444382.0,0.0805504
J-466,4067696.26,3443187.0,0.6127540856
J-467,4067471.0,3443378.0,10.577511199999998
J-468,4071511.0,3436284.0,0.307907084
J-469,4071041.99,3436292.0,0.3191172296
J-47,4072693.75,3442303.0,-0.047950968000000004
J-470,4075822.75,3442693.0,8.3230128
J-471,4073945.99,3436176.0,0.22568669999999996
J-472,4076843.74,3441109.0,2.3876414400000003
J-473,4071094.5,3439759.0,-0.37294861599999996
J-474,4077439.5,3438596.0,-0.12168419200000001
J-475,4075841.75,3442162.0,3.6166571999999997
J-476,4072366.51,3441136.0,9.927882399999998
J-477,4068542.75,3440727.0,0.38910257200000004
J-478,4067104.5,3442309.0,0.5677637999999999
J-479,4067483.74,3443198.0,5.4818028000000005
J-48,4072695.5,3441933.0,-0.18244026960000004
J-480,4079094.74,3441334.0,6.822956800000001
J-481,4072163.25,3443747.0,0.05800846400000001
J-482,4064724.25,3432396.0,0.26086276
J-483,4064219.25,3432392.0,0.25318267999999994
J-484,4077939.25,3443022.0,-0.078727912
J-485,4075454.75,3437442.0,0.14752947432
J-486,4065318.99,3440471.0,0.4877675855999999
J-487,4065319.27,3440663.0,0.498619068
J-488,4073056.75,3437643.0,0.54740736
J-489,4073361.01,3437212.0,0.113886088
J-49,4073784.25,3444159.0,0.032439856
J-490,4075246.99,3440861.0,0.07079394400000001
J-491,4074888.74,3440884.0,11.9692584
J-492,4071872.25,3444457.0,0.18368192560000005
J-493,4077596.49,3442112.0,-0.11294056279999998
J-494,4077498.73,3435533.0,0.00786776399999999
J-495,4077978.75,3435537.0,-0.002725696799999999
J-496,4073074.75,3432711.0,0.32550278
J-497,4072722.75,3437664.0,0.6679573599999999
J-498,4077878.74,3441761.0,-0.019787179999999977
J-499,4077895.25,3441761.0,-0.023557052000000026
J-5,4073388.74,3436179.0,0.222324636
J-50,4073797.75,3444510.0,0.16756846000000003
J-500,4071997.5,3440266.0,-0.12131022159999999
J-501,4076108.99,3443525.0,-0.06035735999999999
J-502,4071869.75,3436603.0,0.306729772
J-503,4071526.25,3436618.0,0.3308308204
J-504,4076705.25,3438144.0,-0.070487672
J-505,4076689.25,3438148.0,-0.0802338512
J-506,4065935.0,3440645.0,0.46790514
J-507,4077513.75,3440387.0,-0.11925506400000004
J-508,4074020.75,3438326.0,-0.11336012799999999
J-509,4075410.0,3444662.0,0.0620639276
J-51,4073701.23,3443330.0,-0.16850696359999998
J-510,4075856.25,3442030.0,5.609509999999999
J-511,4076361.25,3440868.0,-0.05833195200000001
J-512,4072726.49,3441490.0,-0.258297136
J-513,4074694.24,3436698.0,0.194718956
J-514,4072703.75,3437250.0,0.14269198840000002
J-515,4072389.76,3437265.0,0.169951228
J-516,4064948.74,3439386.0,0.8039667720000001
J-517,4077152.26,3439889.0,-0.13873915720000002
J-518,4078307.99,3440795.0,-0.13889176
J-519,4077080.25,3443840.0,0.007371484000000012
J-52,4073589.75,3442997.0,0.014020963999999993
J-520,4072009.01,3441940.0,0.24432532400000004
J-521,4071967.76,3441317.0,0.009628828
J-522,4076370.01,3441815.0,-0.197247968
J-523,4075393.0,3444307.0,-0.0702706548
J-524,4065458.74,3441628.0,0.548708126
J-525,4070885.73,3444069.0,0.171459548
J-526,4071725.51,3444017.0,-0.07209265479999999
J-527,4075780.0,3439014.0,0.008861319999999992
J-528,4071772.0,3437304.0,4.7117232
J-529,4077135.99,3439447.0,-0.12124648
J-53,4066250.25,3442928.0,0.5879886959999999
J-530,4073308.99,3440299.0,-0.18136791599999996
J-531,4073467.0,3440685.0,-0.09485002400000003
J-532,4065426.0,3437836.0,0.7117785199999999
J-533,4070729.5,3447204.0,0.39798916000000006
J-534,4071144.24,3446880.0,0.39422008
J-535,4076634.24,3436885.0,0.072859716
J-536,4073773.75,3443889.0,-0.01590741600000001
J-537,4075090.24,3445893.0,0.221518416
J-538,4074231.01,3445104.0,0.0017168160000000188
J-539,4076665.0,3437538.0,0.047314195999999996
J-54,4066101.75,3442463.0,0.5834641116
J-540,4076650.24,3437202.0,-0.012310275999999998
J-541,4078223.25,3438576.0,-0.12564600000000004
J-542,4078504.5,3436032.0,-0.0036731819999999992
J-543,4075735.75,3442562.0,-0.17403153119999998
J-544,4072172.01,3445253.0,4.7183384
J-545,4072174.49,3445412.0,7.2735948
J-546,4074584.75,3446304.0,0.085495444
J-547,4074580.75,3445566.0,0.108058084
J-548,4073132.98,3446368.0,0.207796908
J-549,4074256.5,3435566.0,0.212377484
J-55,4075329.49,3442894.0,-0.17491009199999996
J-550,4074604.01,3435546.0,9.2953544
J-551,4075532.75,3442775.0,6.1823356
J-552,4063428.24,3438654.0,6.971596400000001
J-553,4065580.49,3437815.0,0.5403108799999999
J-554,4065838.49,3438347.0,0.8581322
J-555,4078011.0,3436726.0,-0.009605244000000006
J-556,4078036.25,3436671.0,0.0007638647999999982
J-557,4077861.5,3441762.0,-0.014599108000000006
J-558,4077847.25,3441346.0,7.8945272
J-559,4077231.5,3445910.0,0.30249274400000004
J-56,4075331.51,3442942.0,-0.16357287600000003
J-560,4077289.5,3445364.0,0.294635684
J-561,4064992.01,3436054.0,0.35645918399999993
J-562,4064444.0,3436056.0,0.385968904
J-563,4073848.75,3436624.0,6.9779952000000005
J-564,4075397.76,3444387.0,-0.007365660000000003
J-565,4077101.5,3439445.0,-0.068402106
J-566,4076728.0,3440329.0,-0.09925771199999998
J-567,4076486.51,3440737.0,0.005623664000000006
J-568,4065908.25,3442466.0,0.6041943439999999
J-569,4075353.25,3438936.0,-0.03269561480000001
J-57,4073882.77,3441463.0,-0.23877410400000001
J-570,4073948.25,3441889.0,-0.20784691159999993
J-571,4073359.0,3441141.0,-0.581793688
J-572,4077958.49,3436631.0,0.01653661600000001
J-573,4075358.24,3443617.0,0.182833296
J-574,4075032.99,3443632.0,10.19895
J-575,4067934.75,3446435.0,1.11326568
J-576,4069833.99,3444328.0,0.25625696000000003
J-577,4072729.99,3433481.0,2.1286564119999998
J-578,4072623.0,3433568.0,0.18349828
J-579,4075333.99,3438255.0,0.158884008
J-58,4073592.99,3441470.0,-0.241226748
J-580,4077868.5,3440373.0,-0.12556873999999998
J-581,4073314.75,3440744.0,-0.41009450799999997
J-582,4070453.51,3443272.0,8.3147752
J-583,4062409.25,3441030.0,0.42101216
J-584,4072333.28,3441939.0,0.15132382000000003
J-585,4074654.5,3445869.0,1.92534672
J-586,4074608.5,3446303.0,0.0880433872
J-587,4063975.51,3437546.0,4.3450432
J-588,4068667.75,3441861.0,0.37087246
J-589,4076569.27,3445339.0,0.23072642359999995
J-59,4072960.25,3447045.0,0.48143948000000003
J-590,4076583.75,3445914.0,0.26830654000000004
J-591,4077080.25,3443662.0,6.008188800000002
J-592,4071564.24,3441153.0,0.004451696000000008
J-593,4077845.5,3439905.0,-0.13221419920000002
J-594,4070888.25,3442797.0,0.135611208
J-595,4076084.75,3439002.0,0.0056621640000000095
J-596,4078589.51,3437868.0,10.543056799999999
J-597,4077729.26,3437677.0,-0.06548830959999999
J-598,4065532.26,3439397.0,0.8426338000000001
J-599,4062394.99,3441245.0,0.398982312
J-6,4073348.51,3435689.0,0.10665522
J-60,4072980.26,3446521.0,0.41636312
J-600,4062248.26,3441235.0,0.41282383200000006
J-601,4072870.01,3443931.0,0.0004786080000000026
J-602,4076487.24,3443884.0,0.020128565199999997
J-603,4077533.5,3443571.0,6.0207912
J-604,4075010.76,3446344.0,0.198464776
J-605,4074714.25,3447361.0,0.71361528
J-606,4075102.5,3442756.0,4.1380144
J-607,4076031.0,3441786.0,-0.19798518
J-608,4072124.0,3445255.0,5.417771600000001
J-609,4078149.25,3441390.0,3.4278592
J-61,4071051.01,3448837.0,0.39820764
J-610,4074628.5,3435284.0,0.21682901999999998
J-611,4074188.74,3444468.0,-0.0660907
J-612,4069938.5,3443159.0,0.24359960000000005
J-613,4077600.26,3442204.0,-0.15186992800000002
J-614,4076398.25,3442551.0,-0.17313811599999998
J-615,4076043.25,3442556.0,-0.173003046
J-616,4079009.0,3443585.0,0.1147993648
J-617,4069379.74,3443747.0,3.5274463999999996
J-618,4069136.99,3441425.0,0.42476963999999995
J-619,4069195.0,3441699.0,0.40801521599999996
J-62,4071424.76,3448493.0,0.39729916000000004
J-620,4074287.0,3442597.0,-0.1847772912
J-621,4073040.75,3437234.0,0.269760764
J-622,4072395.75,3436510.0,0.305564144
J-623,4072028.25,3442385.0,0.16030366799999998
J-624,4076538.75,3444298.0,-0.061803764399999996
J-625,4068274.26,3440732.0,3.6374824
J-626,4074871.01,3442955.0,-0.068272742
J-627,4074677.5,3442959.0,5.681022800000001
J-628,4068620.5,3442835.0,0.346933454
J-629,4076950.25,3443843.0,-0.01362324800000001
J-63,4069632.25,3442910.0,0.283315808
J-630,4075502.49,3441350.0,7.589614400000001
J-631,4076857.51,3441795.0,-0.13325400399999998
J-632,4076949.0,3443898.0,-0.0151569
J-633,4075890.25,3441915.0,7.9173532
J-634,4073804.75,3444885.0,0.229347548
J-635,4073803.76,3444846.0,0.156839204
J-636,4072516.25,3446446.0,0.47318372000000003
J-637,4077493.25,3445322.0,8.7223612
J-638,4077290.99,3445327.0,1.78466464
J-639,4074799.26,3441055.0,-0.026202035999999977
J-64,4069635.0,3443405.0,0.279267572
J-640,4072833.99,3436910.0,0.290481144
J-641,4072275.01,3441940.0,0.150174784
J-642,4069365.0,3443415.0,3.7529392
J-643,4069249.74,3441958.0,0.09228410800000003
J-644,4068435.0,3442200.0,3.6777384
J-645,4072963.5,3445224.0,0.197398744
J-646,4072956.01,3445160.0,0.1870448
J-647,4077230.99,3446119.0,4.5222116
J-648,4072952.77,3445127.0,0.20853166
J-649,4075983.76,3440889.0,-0.1399492816
J-65,4078332.0,3441378.0,-0.010841760000000013
J-650,4075186.26,3448362.0,0.89158552
J-651,4075385.5,3448368.0,7.6366776000000005
J-652,4073483.76,3443672.0,-0.022053581600000004
J-653,4073805.75,3444922.0,0.2157933228
J-654,4072936.99,3444957.0,0.240914244
J-655,4076186.14,3444649.0,-0.014519307999999998
J-656,4074276.25,3446314.0,0.06785249799999998
J-657,4071711.0,3443790.0,0.028681980000000006
J-658,4072933.49,3444929.0,0.25438338
J-659,4076523.5,3444632.0,0.258388572
J-66,4078739.01,3441364.0,0.054675944000000004
J-660,4078608.99,3444213.0,0.18031519599999998
J-661,4076495.61,3438867.0,-0.043687036
J-662,4077013.0,3444147.0,0.023208376000000017
J-663,4073082.0,3441468.0,-0.26103573599999996
J-664,4066694.24,3442402.0,12.151720000000001
J-665,4071106.0,3446446.0,0.46125952
J-666,4073864.49,3446330.0,0.11085380400000001
J-667,4076867.5,3441171.0,3.9419443999999997
J-668,4065463.75,3441773.0,0.556064744
J-669,4072393.75,3444730.0,0.556028576
J-67,4073402.99,3436696.0,0.207718604
J-670,4078272.99,3440765.0,-0.110534348
J-671,4068761.0,3440727.0,1.32781528
J-672,4073841.99,3445892.0,0.118844908
J-673,4074592.99,3447861.0,0.68002616
J-674,4077622.49,3437381.0,-0.068179172
J-675,4076571.25,3435542.0,0.015717460000000003
J-676,4079171.74,3440750.0,10.0031108
J-677,4078132.75,3441146.0,3.465404
J-678,4077479.5,3446117.0,12.61096
J-679,4078105.0,3436519.0,0.025196715999999987
J-68,4073419.5,3436993.0,4.66880828
J-680,4073837.0,3446331.0,0.1199729
J-681,4072826.25,3442677.0,0.162042112
J-682,4078748.5,3441584.0,4.236504
J-683,4064582.49,3441377.0,0.5333948068000001
J-684,4064560.25,3440498.0,0.5190471799999999
J-685,4073431.02,3439690.0,4.4838282
J-686,4076384.75,3442197.0,-0.1835884852
J-687,4077407.49,3442935.0,11.582927200000002
J-688,4073600.5,3445890.0,7.6642948
J-689,4072252.49,3446533.0,9.858699600000001
J-69,4074780.51,3438261.0,0.161717344
J-690,4076812.25,3440325.0,-0.10031542639999999
J-691,4075204.26,3448103.0,9.4432648
J-692,4077850.99,3436830.0,6.857254
J-693,4071949.01,3444713.0,0.21367897200000002
J-694,4066327.5,3445806.0,62.27322
J-695,4074661.99,3444034.0,0.016708919599999997
J-696,4067859.5,3443183.0,4.5444468
J-697,4075982.5,3440840.0,-0.15808486920000003
J-698,4068086.01,3446542.0,6.7539948
J-699,4075096.23,3442376.0,6.148110399999999
J-7,4077228.24,3442675.0,-0.14776775760000002
J-70,4074726.76,3437361.0,0.225853088
J-700,4075802.25,3443911.0,0.388207524
J-701,4073585.52,3446897.0,0.316188512
J-702,4072037.25,3444759.0,0.74235588
J-703,4074642.51,3435547.0,0.21406516800000003
J-704,4076720.22,3438353.0,-0.100586492
J-705,4076480.55,3438860.0,-0.0743291464
J-706,4076816.99,3436485.0,0.05961825600000001
J-707,4073182.76,3436699.0,0.3376225239999999
J-708,4076442.0,3438994.0,-0.07151844
J-709,4073433.0,3438381.0,-0.05211858399999998
J-71,4073461.75,3441299.0,-0.37462757199999996
J-710,4072797.49,3433848.0,0.15885337360000001
J-711,4075154.25,3439999.0,-0.12738979639999998
J-712,4077600.99,3442158.0,-0.11556890079999999
J-713,4063522.0,3440088.0,23.76388
J-714,4073303.0,3440014.0,-0.1636894492
J-715,4078481.5,3438117.0,0.0272200524
J-716,4068325.26,3444133.0,0.144636724
J-717,4077166.0,3437382.0,-0.0652975396
J-718,4077020.75,3437693.0,-0.016780818400000005
J-719,4075235.49,3435680.0,0.24506787040000003
J-72,4073430.24,3441299.0,-0.351849584
J-720,4074000.25,3437427.0,0.23049118799999999
J-721,4073402.5,3441299.0,-0.35107266080000005
J-722,4075002.75,3435262.0,0.16921384528
J-723,4072842.99,3437244.0,0.127899128
J-724,4077226.25,3445740.0,6.284805199999999
J-725,4073003.51,3439718.0,8.70199
J-726,4074987.75,3445203.0,0.0867693644
J-727,4076424.42,3438995.0,-0.07843892120000001
J-728,4076747.26,3440794.0,-0.1634952332
J-729,4077493.49,3439914.0,-0.10387212400000002
J-73,4072618.5,3438432.0,-0.03657897599999999
J-730,4068592.26,3446762.0,0.5155674
J-731,4070964.5,3446638.0,0.41818328
J-732,4070817.26,3446328.0,10.095316
J-733,4070722.26,3434064.0,9.4155128
J-734,4062394.99,3441537.0,0.372389151
J-735,4078262.24,3435066.0,0.03372635200000001
J-736,4078112.5,3435424.0,11.683018800000003
J-737,4075185.24,3447393.0,16.141715999999995
J-738,4067688.5,3445675.0,1.22815856
J-739,4070512.0,3444258.0,0.21289537760000002
J-74,4071503.0,3438481.0,0.252416276
J-740,4075298.99,3446261.0,0.28709886679999996
J-741,4074522.0,3438541.0,0.24443053999999997
J-742,4073310.5,3440406.0,-0.22355940839999996
J-743,4077051.74,3445338.0,9.8755932
J-744,4075305.51,3446429.0,0.315077564
J-745,4072670.75,3438923.0,-0.025803671999999996
J-746,4077535.0,3443705.0,5.996889199999999
J-747,4073983.5,3437138.0,0.0893940892
J-748,4077059.01,3435537.0,0.008994396
J-749,4076647.02,3445916.0,0.273971744
J-75,4068588.25,3442937.0,0.35473894200000006
J-750,4072822.75,3434030.0,0.17058105759999997
J-751,4076699.49,3438340.0,-0.098120988
J-752,4064053.27,3435131.0,16.989919999999998
J-753,4077058.75,3435158.0,0.16778566
J-754,4074189.74,3444468.0,-0.032954473999999984
J-755,4070671.26,3439955.0,10.189720799999998
J-756,4055486.0,3444850.0,1.9716776000000003
J-757,4073392.51,3431578.0,0.44521133943999996
J-758,4076398.76,3438268.0,17.731444
J-759,4072513.77,3446181.0,0.5161131600000001
J-76,4068595.5,3443313.0,0.41204754
J-760,4078699.76,3442878.0,0.095713288
J-761,4075334.52,3439295.0,-0.11475543199999999
J-762,4076209.75,3445256.0,0.08148775999999999
J-763,4077286.49,3445561.0,7.194484800000001
J-764,4069766.25,3436308.0,0.33364956399999995
J-765,4067261.25,3437307.0,0.22253011011999999
J-766,4079009.49,3436764.0,0.00015777199999997827
J-767,4074316.5,3437395.0,8.512846
J-768,4075341.0,3439567.0,-0.12686624319999998
J-769,4075359.03,3439949.0,-0.1480191844
J-77,4065502.49,3441647.0,0.5509295408
J-770,4066982.74,3436697.0,0.195137696
J-771,4072550.26,3436219.0,0.259529854
J-772,4077498.73,3435148.0,0.07619898000000001
J-773,4067864.49,3444737.0,1.1046936
J-774,4075206.27,3439996.0,-0.13607771559999998
J-775,4077189.08,3440772.0,-0.165420502
J-776,4076010.14,3439974.0,-0.1343799876
J-777,4075630.42,3439973.0,-0.14287326360000002
J-778,4076083.68,3439953.0,-0.13332574400000002
J-779,4076793.93,3439933.0,-0.132935284
J-78,4070106.49,3443757.0,0.238356134
J-780,4077153.48,3439923.0,-0.13950556320000004
J-781,4077190.95,3440803.0,-0.16577629800000002
J-782,4077158.61,3440773.0,-0.16530305280000002
J-783,4076846.49,3441343.0,-0.179212232
J-784,4077184.6,3441337.0,-0.0524765168
J-785,4078669.27,3440747.0,-0.13504825880000002
J-786,4077529.75,3440820.0,-0.1584374852
J-787,4076412.59,3441775.0,-0.1652165776
J-788,4076414.29,3441813.0,-0.15933489799999997
J-789,4076856.88,3441759.0,-0.17530536000000002
J-79,4070479.24,3443869.0,0.21891878439999998
J-790,4077198.83,3441747.0,-0.18451053200000003
J-791,4077227.79,3441780.0,-0.18428466799999998
J-792,4077240.67,3442123.0,-0.17719496000000004
J-793,4077258.41,3442690.0,-0.16187764640000002
J-794,4075685.44,3441347.0,-0.17578436
J-795,4075686.52,3441373.0,-0.17876846799999999
J-796,4074112.17,3440692.0,-0.296041248
J-797,4073314.49,3441011.0,-0.492964972
J-798,4073326.45,3441047.0,-0.5077970639999999
J-799,4073811.18,3445100.0,0.17434224399999998
J-8,4077214.25,3442175.0,-0.14329979
J-80,4074697.74,3438975.0,-0.07775304799999999
J-800,4074961.61,3446289.0,0.1215912072
J-801,4072400.3,3445209.0,0.12337476400000001
J-802,4072958.69,3445183.0,0.18413661200000003
J-803,4073791.82,3445168.0,0.17614228
J-804,4068633.5,3441032.0,0.36891682000000003
J-805,4075730.38,3444349.0,-0.0690915804
J-806,4068682.95,3440727.0,0.38124261600000003
J-807,4070958.71,3439603.0,-0.36820645600000007
J-808,4070869.48,3439690.0,-0.34343319295999997
J-809,4072668.54,3438895.0,-0.025929503999999985
J-81,4076582.75,3436585.0,8.6112532
J-82,4076611.5,3436887.0,0.07702255999999999
J-83,4078993.49,3436467.0,0.006847040000000002
J-84,4078763.0,3436525.0,0.007751923999999985
J-85,4076033.5,3442022.0,-0.19303537999999995
J-86,4075898.02,3442028.0,4.3796092
J-87,4074676.75,3438287.0,0.21194513199999998
J-88,4072712.99,3447235.0,0.5481840000000001
J-89,4070522.24,3436712.0,0.33566361200000006
J-9,4076431.5,3442196.0,-0.161132724
J-90,4071139.25,3436611.0,0.327655934
J-91,4072816.99,3436545.0,1.06980848
J-92,4073172.27,3436518.0,0.34773375559999997
J-93,4074117.5,3441456.0,-0.229137252
J-94,4073936.0,3441461.0,-0.23589919200000004
J-95,4077306.75,3443135.0,1.75174668
J-96,4077307.5,3443162.0,0.6134440784
J-97,4072692.0,3442688.0,0.12591801119999999
J-98,4072692.25,3442624.0,0.1202362952
J-99,4072712.24,3441139.0,-0.25201317999999995
